year,month,day,hour,reason
2016,11,28,0,TT
2016,11,28,1,TT
2016,11,28,2,TT
2016,11,28,3,TT
2016,11,28,4,TT
2016,11,28,5,TT
2016,11,28,6,TT
2016,11,28,7,TT
2016,11,28,8,TT
2016,11,28,9,TT
2016,11,28,10,TT
2016,11,28,11,TT
2016,11,28,12,TT
2016,11,28,13,TT
2016,11,28,14,TT
2016,11,28,15,TT
2016,11,28,16,TT
2016,11,28,17,TT
2016,11,28,18,TT
2016,11,28,19,TT
2016,11,28,20,TT
2016,11,28,21,TT
2016,11,28,22,TT
2016,11,28,23,TT
2016,11,29,0,TT
2016,11,29,1,TT
2016,11,29,2,TT
2016,11,29,3,TT
2016,11,29,4,TT
2016,11,29,5,TT
2016,11,29,6,TT
2016,11,29,7,TT
2016,11,29,8,TT
2016,11,29,9,TT
2016,11,29,10,TT
2016,11,29,11,TT
2016,11,29,12,TT
2016,11,29,13,TT
2016,11,29,14,TT
2016,11,29,15,TT
2016,11,29,16,TT
2016,11,29,17,TT
2016,11,29,18,TT
2016,11,29,19,TT
2016,11,29,20,TT
2016,11,29,21,TT
2016,11,29,22,TT
2016,11,29,23,TT
2016,11,30,0,TT
2016,11,30,1,TT
2016,11,30,2,TT
2016,11,30,3,TT
2016,11,30,4,TT
2016,11,30,5,TT
2016,11,30,6,TT
2016,11,30,7,TT
2016,11,30,8,TT
2016,11,30,9,TT
2016,11,30,10,TT
2016,11,30,11,TT
2016,11,30,12,TT
2016,11,30,13,TT
2016,11,30,14,TT
2016,11,30,15,TT
2016,11,30,16,TT
2016,11,30,17,TT
2016,11,30,18,TT
2016,11,30,19,TT
2016,11,30,20,TT
2016,11,30,21,TT
2016,11,30,22,TT
2016,11,30,23,TT
2016,11,1,0,TT
2016,11,1,1,TT
2016,11,1,2,TT
2016,11,1,3,TT
2016,11,1,4,TT
2016,11,1,5,TT
2016,11,1,6,TT
2016,11,1,7,TT
2016,11,1,8,TT
2016,11,1,9,TT
2016,11,1,10,TT
2016,11,1,11,TT
2016,11,1,12,TT
2016,11,1,13,TT
2016,11,1,14,TT
2016,11,1,15,TT
2016,11,1,16,TT
2016,11,1,17,TT
2016,11,1,18,TT
2016,11,1,19,TT
2016,11,1,20,TT
2016,11,1,21,TT
2016,11,1,22,TT
2016,11,1,23,TT
2016,11,2,0,TT
2016,11,2,1,TT
2016,11,2,2,TT
2016,11,2,3,TT
2016,11,2,4,TT
2016,11,2,5,TT
2016,11,2,6,TT
2016,11,2,7,TT
2016,11,2,8,TT
2016,11,2,9,TT
2016,11,2,10,TT
2016,11,2,11,TT
2016,11,2,12,TT
2016,11,2,13,TT
2016,11,2,14,TT
2016,11,2,15,TT
2016,11,2,16,TT
2016,11,2,17,TT
2016,11,2,18,TT
2016,11,2,19,TT
2016,11,2,20,TT
2016,11,2,21,TT
2016,11,2,22,TT
2016,11,2,23,TT
2016,11,3,0,TT
2016,11,3,1,TT
2016,11,3,2,TT
2016,11,3,3,TT
2016,11,3,4,TT
2016,11,3,5,TT
2016,11,3,6,TT
2016,11,3,7,TT
2016,11,3,8,TT
2016,11,3,9,TT
2016,11,3,10,TT
2016,11,3,11,TT
2016,11,3,12,TT
2016,11,3,13,TT
2016,11,3,14,TT
2016,11,3,15,TT
2016,11,3,16,TT
2016,11,3,17,TT
2016,11,3,18,TT
2016,11,3,19,TT
2016,11,3,20,TT
2016,11,3,21,TT
2016,11,3,22,TT
2016,11,3,23,TT
2016,11,4,0,TT
2016,11,4,1,TT
2016,11,4,2,TT
2016,11,4,3,TT
2016,11,4,4,TT
2016,11,4,5,TT
2016,11,4,6,TT
2016,11,4,7,TT
2016,11,4,8,TT
2016,11,4,9,TT
2016,11,4,10,TT
2016,11,4,11,TT
2016,11,4,12,TT
2016,11,4,13,TT
2016,11,4,14,TT
2016,11,4,15,TT
2016,11,4,16,TT
2016,11,4,17,TT
2016,11,4,18,TT
2016,11,4,19,TT
2016,11,4,20,TT
2016,11,4,21,TT
2016,11,4,22,TT
2016,11,4,23,TT
2016,11,5,0,TT
2016,11,5,1,TT
2016,11,5,2,TT
2016,11,5,3,TT
2016,11,5,4,TT
2016,11,5,5,TT
2016,11,5,6,TT
2016,11,5,7,TT
2016,11,5,8,TT
2016,11,5,9,TT
2016,11,5,10,TT
2016,11,5,11,TT
2016,11,5,12,TT
2016,11,5,13,TT
2016,11,5,14,TT
2016,11,5,15,TT
2016,11,5,16,TT
2016,11,5,17,TT
2016,11,5,18,TT
2016,11,5,19,TT
2016,11,5,20,TT
2016,11,5,21,TT
2016,11,5,22,TT
2016,11,5,23,TT
2016,11,6,0,TT
2016,11,6,1,TT
2016,11,6,2,TT
2016,11,6,3,TT
2016,11,6,4,TT
2016,11,6,5,TT
2016,11,6,6,TT
2016,11,6,7,TT
2016,11,6,8,TT
2016,11,6,9,TT
2016,11,6,10,TT
2016,11,6,11,TT
2016,11,6,12,TT
2016,11,6,13,TT
2016,11,6,14,TT
2016,11,6,15,TT
2016,11,6,16,TT
2016,11,6,17,TT
2016,11,6,18,TT
2016,11,6,19,TT
2016,11,6,20,TT
2016,11,6,21,TT
2016,11,6,22,TT
2016,11,6,23,TT
2016,11,7,0,TT
2016,11,7,1,TT
2016,11,7,2,TT
2016,11,7,3,TT
2016,11,7,4,TT
2016,11,7,5,TT
2016,11,7,6,TT
2016,11,7,7,TT
2016,11,7,8,TT
2016,11,7,9,TT
2016,11,7,10,TT
2016,11,7,11,TT
2016,11,7,12,TT
2016,11,7,13,TT
2016,11,7,14,TT
2016,11,7,15,TT
2016,11,7,16,TT
2016,11,7,17,TT
2016,11,7,18,TT
2016,11,7,19,TT
2016,11,7,20,TT
2016,11,7,21,TT
2016,11,7,22,TT
2016,11,7,23,TT
2016,11,8,0,TT
2016,11,8,1,TT
2016,11,8,2,TT
2016,11,8,3,TT
2016,11,8,4,TT
2016,11,8,5,TT
2016,11,8,6,TT
2016,11,8,7,TT
2016,11,8,8,TT
2016,11,8,9,TT
2016,11,8,10,TT
2016,11,8,11,TT
2016,11,8,12,TT
2016,11,8,13,TT
2016,11,8,14,TT
2016,11,8,15,TT
2016,11,8,16,TT
2016,11,8,17,TT
2016,11,8,18,TT
2016,11,8,19,TT
2016,11,8,20,TT
2016,11,8,21,TT
2016,11,8,22,TT
2016,11,8,23,TT
2016,11,9,0,TT
2016,11,9,1,TT
2016,11,9,2,TT
2016,11,9,3,TT
2016,11,9,4,TT
2016,11,9,5,TT
2016,11,9,6,TT
2016,11,9,7,TT
2016,11,9,8,TT
2016,11,9,9,TT
2016,11,9,10,TT
2016,11,9,11,TT
2016,11,9,12,TT
2016,11,9,13,TT
2016,11,9,14,TT
2016,11,9,15,TT
2016,11,9,16,TT
2016,11,9,17,TT
2016,11,9,18,TT
2016,11,9,19,TT
2016,11,9,20,TT
2016,11,9,21,TT
2016,11,9,22,TT
2016,11,9,23,TT
2016,11,10,0,TT
2016,11,10,1,TT
2016,11,10,2,TT
2016,11,10,3,TT
2016,11,10,4,TT
2016,11,10,5,TT
2016,11,10,6,TT
2016,11,10,7,TT
2016,11,10,8,TT
2016,11,10,9,TT
2016,11,10,10,TT
2016,11,10,11,TT
2016,11,10,12,TT
2016,11,10,13,TT
2016,11,10,14,TT
2016,11,10,15,TT
2016,11,10,16,TT
2016,11,10,17,TT
2016,11,10,18,TT
2016,11,10,19,TT
2016,11,10,20,TT
2016,11,10,21,TT
2016,11,10,22,TT
2016,11,10,23,TT
2016,11,11,0,TT
2016,11,11,1,TT
2016,11,11,2,TT
2016,11,11,3,TT
2016,11,11,4,TT
2016,11,11,5,TT
2016,11,11,6,TT
2016,11,11,7,TT
2016,11,11,8,TT
2016,11,11,9,TT
2016,11,11,10,TT
2016,11,11,11,TT
2016,11,11,12,TT
2016,11,11,13,TT
2016,11,11,14,TT
2016,11,11,15,TT
2016,11,11,16,TT
2016,11,11,17,TT
2016,11,11,18,TT
2016,11,11,19,TT
2016,11,11,20,TT
2016,11,11,21,TT
2016,11,11,22,TT
2016,11,11,23,TT
2016,11,12,0,TT
2016,11,12,1,TT
2016,11,12,2,TT
2016,11,12,3,TT
2016,11,12,4,TT
2016,11,12,5,TT
2016,11,12,6,TT
2016,11,12,7,TT
2016,11,12,8,TT
2016,11,12,9,TT
2016,11,12,10,TT
2016,11,12,11,TT
2016,11,12,12,TT
2016,11,12,13,TT
2016,11,12,14,TT
2016,11,12,15,TT
2016,11,12,16,TT
2016,11,12,17,TT
2016,11,12,18,TT
2016,11,12,19,TT
2016,11,12,20,TT
2016,11,12,21,TT
2016,11,12,22,TT
2016,11,12,23,TT
2016,11,13,0,TT
2016,11,13,1,TT
2016,11,13,2,TT
2016,11,13,3,TT
2016,11,13,4,TT
2016,11,13,5,TT
2016,11,13,6,TT
2016,11,13,7,TT
2016,11,13,8,TT
2016,11,13,9,TT
2016,11,13,10,TT
2016,11,13,11,TT
2016,11,13,12,TT
2016,11,13,13,TT
2016,11,13,14,TT
2016,11,13,15,TT
2016,11,13,16,TT
2016,11,13,17,TT
2016,11,13,18,TT
2016,11,13,19,TT
2016,11,13,20,TT
2016,11,13,21,TT
2016,11,13,22,TT
2016,11,13,23,TT
2016,11,14,0,TT
2016,11,14,1,TT
2016,11,14,2,TT
2016,11,14,3,TT
2016,11,14,4,TT
2016,11,14,5,TT
2016,11,14,6,TT
2016,11,14,7,TT
2016,11,14,8,TT
2016,11,14,9,TT
2016,11,14,10,TT
2016,11,14,11,TT
2016,11,14,12,TT
2016,11,14,13,TT
2016,11,14,14,TT
2016,11,14,15,TT
2016,11,14,16,TT
2016,11,14,17,TT
2016,11,14,18,TT
2016,11,14,19,TT
2016,11,14,20,TT
2016,11,14,21,TT
2016,11,14,22,TT
2016,11,14,23,TT
2016,11,15,0,TT
2016,11,15,1,TT
2016,11,15,2,TT
2016,11,15,3,TT
2016,11,15,4,TT
2016,11,15,5,TT
2016,11,15,6,TT
2016,11,15,7,TT
2016,11,15,8,TT
2016,11,15,9,TT
2016,11,15,10,TT
2016,11,15,11,TT
2016,11,15,12,TT
2016,11,15,13,TT
2016,11,15,14,TT
2016,11,15,15,TT
2016,11,15,16,TT
2016,11,15,17,TT
2016,11,15,18,TT
2016,11,15,19,TT
2016,11,15,20,TT
2016,11,15,21,TT
2016,11,15,22,TT
2016,11,15,23,TT
2016,11,16,0,TT
2016,11,16,1,TT
2016,11,16,2,TT
2016,11,16,3,TT
2016,11,16,4,TT
2016,11,16,5,TT
2016,11,16,6,TT
2016,11,16,7,TT
2016,11,16,8,TT
2016,11,16,9,TT
2016,11,16,10,TT
2016,11,16,11,TT
2016,11,16,12,TT
2016,11,16,13,TT
2016,11,16,14,TT
2016,11,16,15,TT
2016,11,16,16,TT
2016,11,16,17,TT
2016,11,16,18,TT
2016,11,16,19,TT
2016,11,16,20,TT
2016,11,16,21,TT
2016,11,16,22,TT
2016,11,16,23,TT
2016,11,17,0,TT
2016,11,17,1,TT
2016,11,17,2,TT
2016,11,17,3,TT
2016,11,17,4,TT
2016,11,17,5,TT
2016,11,17,6,TT
2016,11,17,7,TT
2016,11,17,8,TT
2016,11,17,9,TT
2016,11,17,10,TT
2016,11,17,11,TT
2016,11,17,12,TT
2016,11,17,13,TT
2016,11,17,14,TT
2016,11,17,15,TT
2016,11,17,16,TT
2016,11,17,17,TT
2016,11,17,18,TT
2016,11,17,19,TT
2016,11,17,20,TT
2016,11,17,21,TT
2016,11,17,22,TT
2016,11,17,23,TT
2016,11,18,0,TT
2016,11,18,1,TT
2016,11,18,2,TT
2016,11,18,3,TT
2016,11,18,4,TT
2016,11,18,5,TT
2016,11,18,6,TT
2016,11,18,7,TT
2016,11,18,8,TT
2016,11,18,9,TT
2016,11,18,10,TT
2016,11,18,11,TT
2016,11,18,12,TT
2016,11,18,13,TT
2016,11,18,14,TT
2016,11,18,15,TT
2016,11,18,16,TT
2016,11,18,17,TT
2016,11,18,18,TT
2016,11,18,19,TT
2016,11,18,20,TT
2016,11,18,21,TT
2016,11,18,22,TT
2016,11,18,23,TT
2016,11,19,0,TT
2016,11,19,1,TT
2016,11,19,2,TT
2016,11,19,3,TT
2016,11,19,4,TT
2016,11,19,5,TT
2016,11,19,6,TT
2016,11,19,7,TT
2016,11,19,8,TT
2016,11,19,9,TT
2016,11,19,10,TT
2016,11,19,11,TT
2016,11,19,12,TT
2016,11,19,13,TT
2016,11,19,14,TT
2016,11,19,15,TT
2016,11,19,16,TT
2016,11,19,17,TT
2016,11,19,18,TT
2016,11,19,19,TT
2016,11,19,20,TT
2016,11,19,21,TT
2016,11,19,22,TT
2016,11,19,23,TT
2016,11,20,0,TT
2016,11,20,1,TT
2016,11,20,2,TT
2016,11,20,3,TT
2016,11,20,4,TT
2016,11,20,5,TT
2016,11,20,6,TT
2016,11,20,7,TT
2016,11,20,8,TT
2016,11,20,9,TT
2016,11,20,10,TT
2016,11,20,11,TT
2016,11,20,12,TT
2016,11,20,13,TT
2016,11,20,14,TT
2016,11,20,15,TT
2016,11,20,16,TT
2016,11,20,17,TT
2016,11,20,18,TT
2016,11,20,19,TT
2016,11,20,20,TT
2016,11,20,21,TT
2016,11,20,22,TT
2016,11,20,23,TT
2016,11,21,0,TT
2016,11,21,1,TT
2016,11,21,2,TT
2016,11,21,3,TT
2016,11,21,4,TT
2016,11,21,5,TT
2016,11,21,6,TT
2016,11,21,7,TT
2016,11,21,8,TT
2016,11,21,9,TT
2016,11,21,10,TT
2016,11,21,11,TT
2016,11,21,12,TT
2016,11,21,13,TT
2016,11,21,14,TT
2016,11,21,15,TT
2016,11,21,16,TT
2016,11,21,17,TT
2016,11,21,18,TT
2016,11,21,19,TT
2016,11,21,20,TT
2016,11,21,21,TT
2016,11,21,22,TT
2016,11,21,23,TT
2016,11,22,0,TT
2016,11,22,1,TT
2016,11,22,2,TT
2016,11,22,3,TT
2016,11,22,4,TT
2016,11,22,5,TT
2016,11,22,6,TT
2016,11,22,7,TT
2016,11,22,8,TT
2016,11,22,9,TT
2016,11,22,10,TT
2016,11,22,11,TT
2016,11,22,12,TT
2016,11,22,13,TT
2016,11,22,14,TT
2016,11,22,15,TT
2016,11,22,16,TT
2016,11,22,17,TT
2016,11,22,18,TT
2016,11,22,19,TT
2016,11,22,20,TT
2016,11,22,21,TT
2016,11,22,22,TT
2016,11,22,23,TT
2016,11,23,0,TT
2016,11,23,1,TT
2016,11,23,2,TT
2016,11,23,3,TT
2016,11,23,4,TT
2016,11,23,5,TT
2016,11,23,6,TT
2016,11,23,7,TT
2016,11,23,8,TT
2016,11,23,9,TT
2016,11,23,10,TT
2016,11,23,11,TT
2016,11,23,12,TT
2016,11,23,13,TT
2016,11,23,14,TT
2016,11,23,15,TT
2016,11,23,16,TT
2016,11,23,17,TT
2016,11,23,18,TT
2016,11,23,19,TT
2016,11,23,20,TT
2016,11,23,21,TT
2016,11,23,22,TT
2016,11,23,23,TT
2016,11,24,0,TT
2016,11,24,1,TT
2016,11,24,2,TT
2016,11,24,3,TT
2016,11,24,4,TT
2016,11,24,5,TT
2016,11,24,6,TT
2016,11,24,7,TT
2016,11,24,8,TT
2016,11,24,9,TT
2016,11,24,10,TT
2016,11,24,11,TT
2016,11,24,12,TT
2016,11,24,13,TT
2016,11,24,14,TT
2016,11,24,15,TT
2016,11,24,16,TT
2016,11,24,17,TT
2016,11,24,18,TT
2016,11,24,19,TT
2016,11,24,20,TT
2016,11,24,21,TT
2016,11,24,22,TT
2016,11,24,23,TT
2016,11,25,0,TT
2016,11,25,1,TT
2016,11,25,2,TT
2016,11,25,3,TT
2016,11,25,4,TT
2016,11,25,5,TT
2016,11,25,6,TT
2016,11,25,7,TT
2016,11,25,8,TT
2016,11,25,9,TT
2016,11,25,10,TT
2016,11,25,11,TT
2016,11,25,12,TT
2016,11,25,13,TT
2016,11,25,14,TT
2016,11,25,15,TT
2016,11,25,16,TT
2016,11,25,17,TT
2016,11,25,18,TT
2016,11,25,19,TT
2016,11,25,20,TT
2016,11,25,21,TT
2016,11,25,22,TT
2016,11,25,23,TT
2016,11,26,0,TT
2016,11,26,1,TT
2016,11,26,2,TT
2016,11,26,3,TT
2016,11,26,4,TT
2016,11,26,5,TT
2016,11,26,6,TT
2016,11,26,7,TT
2016,11,26,8,TT
2016,11,26,9,TT
2016,11,26,10,TT
2016,11,26,11,TT
2016,11,26,12,TT
2016,11,26,13,TT
2016,11,26,14,TT
2016,11,26,15,TT
2016,11,26,16,TT
2016,11,26,17,TT
2016,11,26,18,TT
2016,11,26,19,TT
2016,11,26,20,TT
2016,11,26,21,TT
2016,11,26,22,TT
2016,11,26,23,TT
2016,11,27,0,TT
2016,11,27,1,TT
2016,11,27,2,TT
2016,11,27,3,TT
2016,11,27,4,TT
2016,11,27,5,TT
2016,11,27,6,TT
2016,11,27,7,TT
2016,11,27,8,TT
2016,11,27,9,TT
2016,11,27,10,TT
2016,11,27,11,TT
2016,11,27,12,TT
2016,11,27,13,TT
2016,11,27,14,TT
2016,11,27,15,TT
2016,11,27,16,TT
2016,11,27,17,TT
2016,11,27,18,TT
2016,11,27,19,TT
2016,11,27,20,TT
2016,11,27,21,TT
2016,11,27,22,TT
2016,11,27,23,TT
2016,11,28,0,AA
2016,11,28,1,AA
2016,11,28,2,AA
2016,11,28,3,AA
2016,11,28,4,AA
2016,11,28,5,AA
2016,11,28,6,AA
2016,11,28,7,AA
2016,11,28,8,AA
2016,11,28,9,AA
2016,11,28,10,AA
2016,11,28,11,AA
2016,11,28,12,AA
2016,11,28,13,AA
2016,11,28,14,AA
2016,11,28,15,AA
2016,11,28,16,AA
2016,11,28,17,AA
2016,11,28,18,AA
2016,11,28,19,AA
2016,11,28,20,AA
2016,11,28,21,AA
2016,11,28,22,AA
2016,11,28,23,AA
2016,11,29,0,AA
2016,11,29,1,AA
2016,11,29,2,AA
2016,11,29,3,AA
2016,11,29,4,AA
2016,11,29,5,AA
2016,11,29,6,AA
2016,11,29,7,AA
2016,11,29,8,AA
2016,11,29,9,AA
2016,11,29,10,AA
2016,11,29,11,AA
2016,11,29,12,AA
2016,11,29,13,AA
2016,11,29,14,AA
2016,11,29,15,AA
2016,11,29,16,AA
2016,11,29,17,AA
2016,11,29,18,AA
2016,11,29,19,AA
2016,11,29,20,AA
2016,11,29,21,AA
2016,11,29,22,AA
2016,11,29,23,AA
2016,11,30,0,AA
2016,11,30,1,AA
2016,11,30,2,AA
2016,11,30,3,AA
2016,11,30,4,AA
2016,11,30,5,AA
2016,11,30,6,AA
2016,11,30,7,AA
2016,11,30,8,AA
2016,11,30,9,AA
2016,11,30,10,AA
2016,11,30,11,AA
2016,11,30,12,AA
2016,11,30,13,AA
2016,11,30,14,AA
2016,11,30,15,AA
2016,11,30,16,AA
2016,11,30,17,AA
2016,11,30,18,AA
2016,11,30,19,AA
2016,11,30,20,AA
2016,11,30,21,AA
2016,11,30,22,AA
2016,11,30,23,AA
2016,11,1,0,AA
2016,11,1,1,AA
2016,11,1,2,AA
2016,11,1,3,AA
2016,11,1,4,AA
2016,11,1,5,AA
2016,11,1,6,AA
2016,11,1,7,AA
2016,11,1,8,AA
2016,11,1,9,AA
2016,11,1,10,AA
2016,11,1,11,AA
2016,11,1,12,AA
2016,11,1,13,AA
2016,11,1,14,AA
2016,11,1,15,AA
2016,11,1,16,AA
2016,11,1,17,AA
2016,11,1,18,AA
2016,11,1,19,AA
2016,11,1,20,AA
2016,11,1,21,AA
2016,11,1,22,AA
2016,11,1,23,AA
2016,11,2,0,AA
2016,11,2,1,AA
2016,11,2,2,AA
2016,11,2,3,AA
2016,11,2,4,AA
2016,11,2,5,AA
2016,11,2,6,AA
2016,11,2,7,AA
2016,11,2,8,AA
2016,11,2,9,AA
2016,11,2,10,AA
2016,11,2,11,AA
2016,11,2,12,AA
2016,11,2,13,AA
2016,11,2,14,AA
2016,11,2,15,AA
2016,11,2,16,AA
2016,11,2,17,AA
2016,11,2,18,AA
2016,11,2,19,AA
2016,11,2,20,AA
2016,11,2,21,AA
2016,11,2,22,AA
2016,11,2,23,AA
2016,11,3,0,AA
2016,11,3,1,AA
2016,11,3,2,AA
2016,11,3,3,AA
2016,11,3,4,AA
2016,11,3,5,AA
2016,11,3,6,AA
2016,11,3,7,AA
2016,11,3,8,AA
2016,11,3,9,AA
2016,11,3,10,AA
2016,11,3,11,AA
2016,11,3,12,AA
2016,11,3,13,AA
2016,11,3,14,AA
2016,11,3,15,AA
2016,11,3,16,AA
2016,11,3,17,AA
2016,11,3,18,AA
2016,11,3,19,AA
2016,11,3,20,AA
2016,11,3,21,AA
2016,11,3,22,AA
2016,11,3,23,AA
2016,11,4,0,AA
2016,11,4,1,AA
2016,11,4,2,AA
2016,11,4,3,AA
2016,11,4,4,AA
2016,11,4,5,AA
2016,11,4,6,AA
2016,11,4,7,AA
2016,11,4,8,AA
2016,11,4,9,AA
2016,11,4,10,AA
2016,11,4,11,AA
2016,11,4,12,AA
2016,11,4,13,AA
2016,11,4,14,AA
2016,11,4,15,AA
2016,11,4,16,AA
2016,11,4,17,AA
2016,11,4,18,AA
2016,11,4,19,AA
2016,11,4,20,AA
2016,11,4,21,AA
2016,11,4,22,AA
2016,11,4,23,AA
2016,11,5,0,AA
2016,11,5,1,AA
2016,11,5,2,AA
2016,11,5,3,AA
2016,11,5,4,AA
2016,11,5,5,AA
2016,11,5,6,AA
2016,11,5,7,AA
2016,11,5,8,AA
2016,11,5,9,AA
2016,11,5,10,AA
2016,11,5,11,AA
2016,11,5,12,AA
2016,11,5,13,AA
2016,11,5,14,AA
2016,11,5,15,AA
2016,11,5,16,AA
2016,11,5,17,AA
2016,11,5,18,AA
2016,11,5,19,AA
2016,11,5,20,AA
2016,11,5,21,AA
2016,11,5,22,AA
2016,11,5,23,AA
2016,11,6,0,AA
2016,11,6,1,AA
2016,11,6,2,AA
2016,11,6,3,AA
2016,11,6,4,AA
2016,11,6,5,AA
2016,11,6,6,AA
2016,11,6,7,AA
2016,11,6,8,AA
2016,11,6,9,AA
2016,11,6,10,AA
2016,11,6,11,AA
2016,11,6,12,AA
2016,11,6,13,AA
2016,11,6,14,AA
2016,11,6,15,AA
2016,11,6,16,AA
2016,11,6,17,AA
2016,11,6,18,AA
2016,11,6,19,AA
2016,11,6,20,AA
2016,11,6,21,AA
2016,11,6,22,AA
2016,11,6,23,AA
2016,11,7,0,AA
2016,11,7,1,AA
2016,11,7,2,AA
2016,11,7,3,AA
2016,11,7,4,AA
2016,11,7,5,AA
2016,11,7,6,AA
2016,11,7,7,AA
2016,11,7,8,AA
2016,11,7,9,AA
2016,11,7,10,AA
2016,11,7,11,AA
2016,11,7,12,AA
2016,11,7,13,AA
2016,11,7,14,AA
2016,11,7,15,AA
2016,11,7,16,AA
2016,11,7,17,AA
2016,11,7,18,AA
2016,11,7,19,AA
2016,11,7,20,AA
2016,11,7,21,AA
2016,11,7,22,AA
2016,11,7,23,AA
2016,11,8,0,AA
2016,11,8,1,AA
2016,11,8,2,AA
2016,11,8,3,AA
2016,11,8,4,AA
2016,11,8,5,AA
2016,11,8,6,AA
2016,11,8,7,AA
2016,11,8,8,AA
2016,11,8,9,AA
2016,11,8,10,AA
2016,11,8,11,AA
2016,11,8,12,AA
2016,11,8,13,AA
2016,11,8,14,AA
2016,11,8,15,AA
2016,11,8,16,AA
2016,11,8,17,AA
2016,11,8,18,AA
2016,11,8,19,AA
2016,11,8,20,AA
2016,11,8,21,AA
2016,11,8,22,AA
2016,11,8,23,AA
2016,11,9,0,AA
2016,11,9,1,AA
2016,11,9,2,AA
2016,11,9,3,AA
2016,11,9,4,AA
2016,11,9,5,AA
2016,11,9,6,AA
2016,11,9,7,AA
2016,11,9,8,AA
2016,11,9,9,AA
2016,11,9,10,AA
2016,11,9,11,AA
2016,11,9,12,AA
2016,11,9,13,AA
2016,11,9,14,AA
2016,11,9,15,AA
2016,11,9,16,AA
2016,11,9,17,AA
2016,11,9,18,AA
2016,11,9,19,AA
2016,11,9,20,AA
2016,11,9,21,AA
2016,11,9,22,AA
2016,11,9,23,AA
2016,11,10,0,AA
2016,11,10,1,AA
2016,11,10,2,AA
2016,11,10,3,AA
2016,11,10,4,AA
2016,11,10,5,AA
2016,11,10,6,AA
2016,11,10,7,AA
2016,11,10,8,AA
2016,11,10,9,AA
2016,11,10,10,AA
2016,11,10,11,AA
2016,11,10,12,AA
2016,11,10,13,AA
2016,11,10,14,AA
2016,11,10,15,AA
2016,11,10,16,AA
2016,11,10,17,AA
2016,11,10,18,AA
2016,11,10,19,AA
2016,11,10,20,AA
2016,11,10,21,AA
2016,11,10,22,AA
2016,11,10,23,AA
2016,11,11,0,AA
2016,11,11,1,AA
2016,11,11,2,AA
2016,11,11,3,AA
2016,11,11,4,AA
2016,11,11,5,AA
2016,11,11,6,AA
2016,11,11,7,AA
2016,11,11,8,AA
2016,11,11,9,AA
2016,11,11,10,AA
2016,11,11,11,AA
2016,11,11,12,AA
2016,11,11,13,AA
2016,11,11,14,AA
2016,11,11,15,AA
2016,11,11,16,AA
2016,11,11,17,AA
2016,11,11,18,AA
2016,11,11,19,AA
2016,11,11,20,AA
2016,11,11,21,AA
2016,11,11,22,AA
2016,11,11,23,AA
2016,11,12,0,AA
2016,11,12,1,AA
2016,11,12,2,AA
2016,11,12,3,AA
2016,11,12,4,AA
2016,11,12,5,AA
2016,11,12,6,AA
2016,11,12,7,AA
2016,11,12,8,AA
2016,11,12,9,AA
2016,11,12,10,AA
2016,11,12,11,AA
2016,11,12,12,AA
2016,11,12,13,AA
2016,11,12,14,AA
2016,11,12,15,AA
2016,11,12,16,AA
2016,11,12,17,AA
2016,11,12,18,AA
2016,11,12,19,AA
2016,11,12,20,AA
2016,11,12,21,AA
2016,11,12,22,AA
2016,11,12,23,AA
2016,11,13,0,AA
2016,11,13,1,AA
2016,11,13,2,AA
2016,11,13,3,AA
2016,11,13,4,AA
2016,11,13,5,AA
2016,11,13,6,AA
2016,11,13,7,AA
2016,11,13,8,AA
2016,11,13,9,AA
2016,11,13,10,AA
2016,11,13,11,AA
2016,11,13,12,AA
2016,11,13,13,AA
2016,11,13,14,AA
2016,11,13,15,AA
2016,11,13,16,AA
2016,11,13,17,AA
2016,11,13,18,AA
2016,11,13,19,AA
2016,11,13,20,AA
2016,11,13,21,AA
2016,11,13,22,AA
2016,11,13,23,AA
2016,11,14,0,AA
2016,11,14,1,AA
2016,11,14,2,AA
2016,11,14,3,AA
2016,11,14,4,AA
2016,11,14,5,AA
2016,11,14,6,AA
2016,11,14,7,AA
2016,11,14,8,AA
2016,11,14,9,AA
2016,11,14,10,AA
2016,11,14,11,AA
2016,11,14,12,AA
2016,11,14,13,AA
2016,11,14,14,AA
2016,11,14,15,AA
2016,11,14,16,AA
2016,11,14,17,AA
2016,11,14,18,AA
2016,11,14,19,AA
2016,11,14,20,AA
2016,11,14,21,AA
2016,11,14,22,AA
2016,11,14,23,AA
2016,11,15,0,AA
2016,11,15,1,AA
2016,11,15,2,AA
2016,11,15,3,AA
2016,11,15,4,AA
2016,11,15,5,AA
2016,11,15,6,AA
2016,11,15,7,AA
2016,11,15,8,AA
2016,11,15,9,AA
2016,11,15,10,AA
2016,11,15,11,AA
2016,11,15,12,AA
2016,11,15,13,AA
2016,11,15,14,AA
2016,11,15,15,AA
2016,11,15,16,AA
2016,11,15,17,AA
2016,11,15,18,AA
2016,11,15,19,AA
2016,11,15,20,AA
2016,11,15,21,AA
2016,11,15,22,AA
2016,11,15,23,AA
2016,11,16,0,AA
2016,11,16,1,AA
2016,11,16,2,AA
2016,11,16,3,AA
2016,11,16,4,AA
2016,11,16,5,AA
2016,11,16,6,AA
2016,11,16,7,AA
2016,11,16,8,AA
2016,11,16,9,AA
2016,11,16,10,AA
2016,11,16,11,AA
2016,11,16,12,AA
2016,11,16,13,AA
2016,11,16,14,AA
2016,11,16,15,AA
2016,11,16,16,AA
2016,11,16,17,AA
2016,11,16,18,AA
2016,11,16,19,AA
2016,11,16,20,AA
2016,11,16,21,AA
2016,11,16,22,AA
2016,11,16,23,AA
2016,11,17,0,AA
2016,11,17,1,AA
2016,11,17,2,AA
2016,11,17,3,AA
2016,11,17,4,AA
2016,11,17,5,AA
2016,11,17,6,AA
2016,11,17,7,AA
2016,11,17,8,AA
2016,11,17,9,AA
2016,11,17,10,AA
2016,11,17,11,AA
2016,11,17,12,AA
2016,11,17,13,AA
2016,11,17,14,AA
2016,11,17,15,AA
2016,11,17,16,AA
2016,11,17,17,AA
2016,11,17,18,AA
2016,11,17,19,AA
2016,11,17,20,AA
2016,11,17,21,AA
2016,11,17,22,AA
2016,11,17,23,AA
2016,11,18,0,AA
2016,11,18,1,AA
2016,11,18,2,AA
2016,11,18,3,AA
2016,11,18,4,AA
2016,11,18,5,AA
2016,11,18,6,AA
2016,11,18,7,AA
2016,11,18,8,AA
2016,11,18,9,AA
2016,11,18,10,AA
2016,11,18,11,AA
2016,11,18,12,AA
2016,11,18,13,AA
2016,11,18,14,AA
2016,11,18,15,AA
2016,11,18,16,AA
2016,11,18,17,AA
2016,11,18,18,AA
2016,11,18,19,AA
2016,11,18,20,AA
2016,11,18,21,AA
2016,11,18,22,AA
2016,11,18,23,AA
2016,11,19,0,AA
2016,11,19,1,AA
2016,11,19,2,AA
2016,11,19,3,AA
2016,11,19,4,AA
2016,11,19,5,AA
2016,11,19,6,AA
2016,11,19,7,AA
2016,11,19,8,AA
2016,11,19,9,AA
2016,11,19,10,AA
2016,11,19,11,AA
2016,11,19,12,AA
2016,11,19,13,AA
2016,11,19,14,AA
2016,11,19,15,AA
2016,11,19,16,AA
2016,11,19,17,AA
2016,11,19,18,AA
2016,11,19,19,AA
2016,11,19,20,AA
2016,11,19,21,AA
2016,11,19,22,AA
2016,11,19,23,AA
2016,11,20,0,AA
2016,11,20,1,AA
2016,11,20,2,AA
2016,11,20,3,AA
2016,11,20,4,AA
2016,11,20,5,AA
2016,11,20,6,AA
2016,11,20,7,AA
2016,11,20,8,AA
2016,11,20,9,AA
2016,11,20,10,AA
2016,11,20,11,AA
2016,11,20,12,AA
2016,11,20,13,AA
2016,11,20,14,AA
2016,11,20,15,AA
2016,11,20,16,AA
2016,11,20,17,AA
2016,11,20,18,AA
2016,11,20,19,AA
2016,11,20,20,AA
2016,11,20,21,AA
2016,11,20,22,AA
2016,11,20,23,AA
2016,11,21,0,AA
2016,11,21,1,AA
2016,11,21,2,AA
2016,11,21,3,AA
2016,11,21,4,AA
2016,11,21,5,AA
2016,11,21,6,AA
2016,11,21,7,AA
2016,11,21,8,AA
2016,11,21,9,AA
2016,11,21,10,AA
2016,11,21,11,AA
2016,11,21,12,AA
2016,11,21,13,AA
2016,11,21,14,AA
2016,11,21,15,AA
2016,11,21,16,AA
2016,11,21,17,AA
2016,11,21,18,AA
2016,11,21,19,AA
2016,11,21,20,AA
2016,11,21,21,AA
2016,11,21,22,AA
2016,11,21,23,AA
2016,11,22,0,AA
2016,11,22,1,AA
2016,11,22,2,AA
2016,11,22,3,AA
2016,11,22,4,AA
2016,11,22,5,AA
2016,11,22,6,AA
2016,11,22,7,AA
2016,11,22,8,AA
2016,11,22,9,AA
2016,11,22,10,AA
2016,11,22,11,AA
2016,11,22,12,AA
2016,11,22,13,AA
2016,11,22,14,AA
2016,11,22,15,AA
2016,11,22,16,AA
2016,11,22,17,AA
2016,11,22,18,AA
2016,11,22,19,AA
2016,11,22,20,AA
2016,11,22,21,AA
2016,11,22,22,AA
2016,11,22,23,AA
2016,11,23,0,AA
2016,11,23,1,AA
2016,11,23,2,AA
2016,11,23,3,AA
2016,11,23,4,AA
2016,11,23,5,AA
2016,11,23,6,AA
2016,11,23,7,AA
2016,11,23,8,AA
2016,11,23,9,AA
2016,11,23,10,AA
2016,11,23,11,AA
2016,11,23,12,AA
2016,11,23,13,AA
2016,11,23,14,AA
2016,11,23,15,AA
2016,11,23,16,AA
2016,11,23,17,AA
2016,11,23,18,AA
2016,11,23,19,AA
2016,11,23,20,AA
2016,11,23,21,AA
2016,11,23,22,AA
2016,11,23,23,AA
2016,11,24,0,AA
2016,11,24,1,AA
2016,11,24,2,AA
2016,11,24,3,AA
2016,11,24,4,AA
2016,11,24,5,AA
2016,11,24,6,AA
2016,11,24,7,AA
2016,11,24,8,AA
2016,11,24,9,AA
2016,11,24,10,AA
2016,11,24,11,AA
2016,11,24,12,AA
2016,11,24,13,AA
2016,11,24,14,AA
2016,11,24,15,AA
2016,11,24,16,AA
2016,11,24,17,AA
2016,11,24,18,AA
2016,11,24,19,AA
2016,11,24,20,AA
2016,11,24,21,AA
2016,11,24,22,AA
2016,11,24,23,AA
2016,11,25,0,AA
2016,11,25,1,AA
2016,11,25,2,AA
2016,11,25,3,AA
2016,11,25,4,AA
2016,11,25,5,AA
2016,11,25,6,AA
2016,11,25,7,AA
2016,11,25,8,AA
2016,11,25,9,AA
2016,11,25,10,AA
2016,11,25,11,AA
2016,11,25,12,AA
2016,11,25,13,AA
2016,11,25,14,AA
2016,11,25,15,AA
2016,11,25,16,AA
2016,11,25,17,AA
2016,11,25,18,AA
2016,11,25,19,AA
2016,11,25,20,AA
2016,11,25,21,AA
2016,11,25,22,AA
2016,11,25,23,AA
2016,11,26,0,AA
2016,11,26,1,AA
2016,11,26,2,AA
2016,11,26,3,AA
2016,11,26,4,AA
2016,11,26,5,AA
2016,11,26,6,AA
2016,11,26,7,AA
2016,11,26,8,AA
2016,11,26,9,AA
2016,11,26,10,AA
2016,11,26,11,AA
2016,11,26,12,AA
2016,11,26,13,AA
2016,11,26,14,AA
2016,11,26,15,AA
2016,11,26,16,AA
2016,11,26,17,AA
2016,11,26,18,AA
2016,11,26,19,AA
2016,11,26,20,AA
2016,11,26,21,AA
2016,11,26,22,AA
2016,11,26,23,AA
2016,11,27,0,AA
2016,11,27,1,AA
2016,11,27,2,AA
2016,11,27,3,AA
2016,11,27,4,AA
2016,11,27,5,AA
2016,11,27,6,AA
2016,11,27,7,AA
2016,11,27,8,AA
2016,11,27,9,AA
2016,11,27,10,AA
2016,11,27,11,AA
2016,11,27,12,AA
2016,11,27,13,AA
2016,11,27,14,AA
2016,11,27,15,AA
2016,11,27,16,AA
2016,11,27,17,AA
2016,11,27,18,AA
2016,11,27,19,AA
2016,11,27,20,AA
2016,11,27,21,AA
2016,11,27,22,AA
2016,11,27,23,AA
2016,11,28,0,IN
2016,11,28,1,IN
2016,11,28,2,IN
2016,11,28,3,IN
2016,11,28,4,IN
2016,11,28,5,IN
2016,11,28,6,IN
2016,11,28,7,IN
2016,11,28,8,IN
2016,11,28,9,IN
2016,11,28,10,IN
2016,11,28,11,IN
2016,11,28,12,IN
2016,11,28,13,IN
2016,11,28,14,IN
2016,11,28,15,IN
2016,11,28,16,IN
2016,11,28,17,IN
2016,11,28,18,IN
2016,11,28,19,IN
2016,11,28,20,IN
2016,11,28,21,IN
2016,11,28,22,IN
2016,11,28,23,IN
2016,11,29,0,IN
2016,11,29,1,IN
2016,11,29,2,IN
2016,11,29,3,IN
2016,11,29,4,IN
2016,11,29,5,IN
2016,11,29,6,IN
2016,11,29,7,IN
2016,11,29,8,IN
2016,11,29,9,IN
2016,11,29,10,IN
2016,11,29,11,IN
2016,11,29,12,IN
2016,11,29,13,IN
2016,11,29,14,IN
2016,11,29,15,IN
2016,11,29,16,IN
2016,11,29,17,IN
2016,11,29,18,IN
2016,11,29,19,IN
2016,11,29,20,IN
2016,11,29,21,IN
2016,11,29,22,IN
2016,11,29,23,IN
2016,11,30,0,IN
2016,11,30,1,IN
2016,11,30,2,IN
2016,11,30,3,IN
2016,11,30,4,IN
2016,11,30,5,IN
2016,11,30,6,IN
2016,11,30,7,IN
2016,11,30,8,IN
2016,11,30,9,IN
2016,11,30,10,IN
2016,11,30,11,IN
2016,11,30,12,IN
2016,11,30,13,IN
2016,11,30,14,IN
2016,11,30,15,IN
2016,11,30,16,IN
2016,11,30,17,IN
2016,11,30,18,IN
2016,11,30,19,IN
2016,11,30,20,IN
2016,11,30,21,IN
2016,11,30,22,IN
2016,11,30,23,IN
2016,11,1,0,IN
2016,11,1,1,IN
2016,11,1,2,IN
2016,11,1,3,IN
2016,11,1,4,IN
2016,11,1,5,IN
2016,11,1,6,IN
2016,11,1,7,IN
2016,11,1,8,IN
2016,11,1,9,IN
2016,11,1,10,IN
2016,11,1,11,IN
2016,11,1,12,IN
2016,11,1,13,IN
2016,11,1,14,IN
2016,11,1,15,IN
2016,11,1,16,IN
2016,11,1,17,IN
2016,11,1,18,IN
2016,11,1,19,IN
2016,11,1,20,IN
2016,11,1,21,IN
2016,11,1,22,IN
2016,11,1,23,IN
2016,11,2,0,IN
2016,11,2,1,IN
2016,11,2,2,IN
2016,11,2,3,IN
2016,11,2,4,IN
2016,11,2,5,IN
2016,11,2,6,IN
2016,11,2,7,IN
2016,11,2,8,IN
2016,11,2,9,IN
2016,11,2,10,IN
2016,11,2,11,IN
2016,11,2,12,IN
2016,11,2,13,IN
2016,11,2,14,IN
2016,11,2,15,IN
2016,11,2,16,IN
2016,11,2,17,IN
2016,11,2,18,IN
2016,11,2,19,IN
2016,11,2,20,IN
2016,11,2,21,IN
2016,11,2,22,IN
2016,11,2,23,IN
2016,11,3,0,IN
2016,11,3,1,IN
2016,11,3,2,IN
2016,11,3,3,IN
2016,11,3,4,IN
2016,11,3,5,IN
2016,11,3,6,IN
2016,11,3,7,IN
2016,11,3,8,IN
2016,11,3,9,IN
2016,11,3,10,IN
2016,11,3,11,IN
2016,11,3,12,IN
2016,11,3,13,IN
2016,11,3,14,IN
2016,11,3,15,IN
2016,11,3,16,IN
2016,11,3,17,IN
2016,11,3,18,IN
2016,11,3,19,IN
2016,11,3,20,IN
2016,11,3,21,IN
2016,11,3,22,IN
2016,11,3,23,IN
2016,11,4,0,IN
2016,11,4,1,IN
2016,11,4,2,IN
2016,11,4,3,IN
2016,11,4,4,IN
2016,11,4,5,IN
2016,11,4,6,IN
2016,11,4,7,IN
2016,11,4,8,IN
2016,11,4,9,IN
2016,11,4,10,IN
2016,11,4,11,IN
2016,11,4,12,IN
2016,11,4,13,IN
2016,11,4,14,IN
2016,11,4,15,IN
2016,11,4,16,IN
2016,11,4,17,IN
2016,11,4,18,IN
2016,11,4,19,IN
2016,11,4,20,IN
2016,11,4,21,IN
2016,11,4,22,IN
2016,11,4,23,IN
2016,11,5,0,IN
2016,11,5,1,IN
2016,11,5,2,IN
2016,11,5,3,IN
2016,11,5,4,IN
2016,11,5,5,IN
2016,11,5,6,IN
2016,11,5,7,IN
2016,11,5,8,IN
2016,11,5,9,IN
2016,11,5,10,IN
2016,11,5,11,IN
2016,11,5,12,IN
2016,11,5,13,IN
2016,11,5,14,IN
2016,11,5,15,IN
2016,11,5,16,IN
2016,11,5,17,IN
2016,11,5,18,IN
2016,11,5,19,IN
2016,11,5,20,IN
2016,11,5,21,IN
2016,11,5,22,IN
2016,11,5,23,IN
2016,11,6,0,IN
2016,11,6,1,IN
2016,11,6,2,IN
2016,11,6,3,IN
2016,11,6,4,IN
2016,11,6,5,IN
2016,11,6,6,IN
2016,11,6,7,IN
2016,11,6,8,IN
2016,11,6,9,IN
2016,11,6,10,IN
2016,11,6,11,IN
2016,11,6,12,IN
2016,11,6,13,IN
2016,11,6,14,IN
2016,11,6,15,IN
2016,11,6,16,IN
2016,11,6,17,IN
2016,11,6,18,IN
2016,11,6,19,IN
2016,11,6,20,IN
2016,11,6,21,IN
2016,11,6,22,IN
2016,11,6,23,IN
2016,11,7,0,IN
2016,11,7,1,IN
2016,11,7,2,IN
2016,11,7,3,IN
2016,11,7,4,IN
2016,11,7,5,IN
2016,11,7,6,IN
2016,11,7,7,IN
2016,11,7,8,IN
2016,11,7,9,IN
2016,11,7,10,IN
2016,11,7,11,IN
2016,11,7,12,IN
2016,11,7,13,IN
2016,11,7,14,IN
2016,11,7,15,IN
2016,11,7,16,IN
2016,11,7,17,IN
2016,11,7,18,IN
2016,11,7,19,IN
2016,11,7,20,IN
2016,11,7,21,IN
2016,11,7,22,IN
2016,11,7,23,IN
2016,11,8,0,IN
2016,11,8,1,IN
2016,11,8,2,IN
2016,11,8,3,IN
2016,11,8,4,IN
2016,11,8,5,IN
2016,11,8,6,IN
2016,11,8,7,IN
2016,11,8,8,IN
2016,11,8,9,IN
2016,11,8,10,IN
2016,11,8,11,IN
2016,11,8,12,IN
2016,11,8,13,IN
2016,11,8,14,IN
2016,11,8,15,IN
2016,11,8,16,IN
2016,11,8,17,IN
2016,11,8,18,IN
2016,11,8,19,IN
2016,11,8,20,IN
2016,11,8,21,IN
2016,11,8,22,IN
2016,11,8,23,IN
2016,11,9,0,IN
2016,11,9,1,IN
2016,11,9,2,IN
2016,11,9,3,IN
2016,11,9,4,IN
2016,11,9,5,IN
2016,11,9,6,IN
2016,11,9,7,IN
2016,11,9,8,IN
2016,11,9,9,IN
2016,11,9,10,IN
2016,11,9,11,IN
2016,11,9,12,IN
2016,11,9,13,IN
2016,11,9,14,IN
2016,11,9,15,IN
2016,11,9,16,IN
2016,11,9,17,IN
2016,11,9,18,IN
2016,11,9,19,IN
2016,11,9,20,IN
2016,11,9,21,IN
2016,11,9,22,IN
2016,11,9,23,IN
2016,11,10,0,IN
2016,11,10,1,IN
2016,11,10,2,IN
2016,11,10,3,IN
2016,11,10,4,IN
2016,11,10,5,IN
2016,11,10,6,IN
2016,11,10,7,IN
2016,11,10,8,IN
2016,11,10,9,IN
2016,11,10,10,IN
2016,11,10,11,IN
2016,11,10,12,IN
2016,11,10,13,IN
2016,11,10,14,IN
2016,11,10,15,IN
2016,11,10,16,IN
2016,11,10,17,IN
2016,11,10,18,IN
2016,11,10,19,IN
2016,11,10,20,IN
2016,11,10,21,IN
2016,11,10,22,IN
2016,11,10,23,IN
2016,11,11,0,IN
2016,11,11,1,IN
2016,11,11,2,IN
2016,11,11,3,IN
2016,11,11,4,IN
2016,11,11,5,IN
2016,11,11,6,IN
2016,11,11,7,IN
2016,11,11,8,IN
2016,11,11,9,IN
2016,11,11,10,IN
2016,11,11,11,IN
2016,11,11,12,IN
2016,11,11,13,IN
2016,11,11,14,IN
2016,11,11,15,IN
2016,11,11,16,IN
2016,11,11,17,IN
2016,11,11,18,IN
2016,11,11,19,IN
2016,11,11,20,IN
2016,11,11,21,IN
2016,11,11,22,IN
2016,11,11,23,IN
2016,11,12,0,IN
2016,11,12,1,IN
2016,11,12,2,IN
2016,11,12,3,IN
2016,11,12,4,IN
2016,11,12,5,IN
2016,11,12,6,IN
2016,11,12,7,IN
2016,11,12,8,IN
2016,11,12,9,IN
2016,11,12,10,IN
2016,11,12,11,IN
2016,11,12,12,IN
2016,11,12,13,IN
2016,11,12,14,IN
2016,11,12,15,IN
2016,11,12,16,IN
2016,11,12,17,IN
2016,11,12,18,IN
2016,11,12,19,IN
2016,11,12,20,IN
2016,11,12,21,IN
2016,11,12,22,IN
2016,11,12,23,IN
2016,11,13,0,IN
2016,11,13,1,IN
2016,11,13,2,IN
2016,11,13,3,IN
2016,11,13,4,IN
2016,11,13,5,IN
2016,11,13,6,IN
2016,11,13,7,IN
2016,11,13,8,IN
2016,11,13,9,IN
2016,11,13,10,IN
2016,11,13,11,IN
2016,11,13,12,IN
2016,11,13,13,IN
2016,11,13,14,IN
2016,11,13,15,IN
2016,11,13,16,IN
2016,11,13,17,IN
2016,11,13,18,IN
2016,11,13,19,IN
2016,11,13,20,IN
2016,11,13,21,IN
2016,11,13,22,IN
2016,11,13,23,IN
2016,11,14,0,IN
2016,11,14,1,IN
2016,11,14,2,IN
2016,11,14,3,IN
2016,11,14,4,IN
2016,11,14,5,IN
2016,11,14,6,IN
2016,11,14,7,IN
2016,11,14,8,IN
2016,11,14,9,IN
2016,11,14,10,IN
2016,11,14,11,IN
2016,11,14,12,IN
2016,11,14,13,IN
2016,11,14,14,IN
2016,11,14,15,IN
2016,11,14,16,IN
2016,11,14,17,IN
2016,11,14,18,IN
2016,11,14,19,IN
2016,11,14,20,IN
2016,11,14,21,IN
2016,11,14,22,IN
2016,11,14,23,IN
2016,11,15,0,IN
2016,11,15,1,IN
2016,11,15,2,IN
2016,11,15,3,IN
2016,11,15,4,IN
2016,11,15,5,IN
2016,11,15,6,IN
2016,11,15,7,IN
2016,11,15,8,IN
2016,11,15,9,IN
2016,11,15,10,IN
2016,11,15,11,IN
2016,11,15,12,IN
2016,11,15,13,IN
2016,11,15,14,IN
2016,11,15,15,IN
2016,11,15,16,IN
2016,11,15,17,IN
2016,11,15,18,IN
2016,11,15,19,IN
2016,11,15,20,IN
2016,11,15,21,IN
2016,11,15,22,IN
2016,11,15,23,IN
2016,11,16,0,IN
2016,11,16,1,IN
2016,11,16,2,IN
2016,11,16,3,IN
2016,11,16,4,IN
2016,11,16,5,IN
2016,11,16,6,IN
2016,11,16,7,IN
2016,11,16,8,IN
2016,11,16,9,IN
2016,11,16,10,IN
2016,11,16,11,IN
2016,11,16,12,IN
2016,11,16,13,IN
2016,11,16,14,IN
2016,11,16,15,IN
2016,11,16,16,IN
2016,11,16,17,IN
2016,11,16,18,IN
2016,11,16,19,IN
2016,11,16,20,IN
2016,11,16,21,IN
2016,11,16,22,IN
2016,11,16,23,IN
2016,11,17,0,IN
2016,11,17,1,IN
2016,11,17,2,IN
2016,11,17,3,IN
2016,11,17,4,IN
2016,11,17,5,IN
2016,11,17,6,IN
2016,11,17,7,IN
2016,11,17,8,IN
2016,11,17,9,IN
2016,11,17,10,IN
2016,11,17,11,IN
2016,11,17,12,IN
2016,11,17,13,IN
2016,11,17,14,IN
2016,11,17,15,IN
2016,11,17,16,IN
2016,11,17,17,IN
2016,11,17,18,IN
2016,11,17,19,IN
2016,11,17,20,IN
2016,11,17,21,IN
2016,11,17,22,IN
2016,11,17,23,IN
2016,11,18,0,IN
2016,11,18,1,IN
2016,11,18,2,IN
2016,11,18,3,IN
2016,11,18,4,IN
2016,11,18,5,IN
2016,11,18,6,IN
2016,11,18,7,IN
2016,11,18,8,IN
2016,11,18,9,IN
2016,11,18,10,IN
2016,11,18,11,IN
2016,11,18,12,IN
2016,11,18,13,IN
2016,11,18,14,IN
2016,11,18,15,IN
2016,11,18,16,IN
2016,11,18,17,IN
2016,11,18,18,IN
2016,11,18,19,IN
2016,11,18,20,IN
2016,11,18,21,IN
2016,11,18,22,IN
2016,11,18,23,IN
2016,11,19,0,IN
2016,11,19,1,IN
2016,11,19,2,IN
2016,11,19,3,IN
2016,11,19,4,IN
2016,11,19,5,IN
2016,11,19,6,IN
2016,11,19,7,IN
2016,11,19,8,IN
2016,11,19,9,IN
2016,11,19,10,IN
2016,11,19,11,IN
2016,11,19,12,IN
2016,11,19,13,IN
2016,11,19,14,IN
2016,11,19,15,IN
2016,11,19,16,IN
2016,11,19,17,IN
2016,11,19,18,IN
2016,11,19,19,IN
2016,11,19,20,IN
2016,11,19,21,IN
2016,11,19,22,IN
2016,11,19,23,IN
2016,11,20,0,IN
2016,11,20,1,IN
2016,11,20,2,IN
2016,11,20,3,IN
2016,11,20,4,IN
2016,11,20,5,IN
2016,11,20,6,IN
2016,11,20,7,IN
2016,11,20,8,IN
2016,11,20,9,IN
2016,11,20,10,IN
2016,11,20,11,IN
2016,11,20,12,IN
2016,11,20,13,IN
2016,11,20,14,IN
2016,11,20,15,IN
2016,11,20,16,IN
2016,11,20,17,IN
2016,11,20,18,IN
2016,11,20,19,IN
2016,11,20,20,IN
2016,11,20,21,IN
2016,11,20,22,IN
2016,11,20,23,IN
2016,11,21,0,IN
2016,11,21,1,IN
2016,11,21,2,IN
2016,11,21,3,IN
2016,11,21,4,IN
2016,11,21,5,IN
2016,11,21,6,IN
2016,11,21,7,IN
2016,11,21,8,IN
2016,11,21,9,IN
2016,11,21,10,IN
2016,11,21,11,IN
2016,11,21,12,IN
2016,11,21,13,IN
2016,11,21,14,IN
2016,11,21,15,IN
2016,11,21,16,IN
2016,11,21,17,IN
2016,11,21,18,IN
2016,11,21,19,IN
2016,11,21,20,IN
2016,11,21,21,IN
2016,11,21,22,IN
2016,11,21,23,IN
2016,11,22,0,IN
2016,11,22,1,IN
2016,11,22,2,IN
2016,11,22,3,IN
2016,11,22,4,IN
2016,11,22,5,IN
2016,11,22,6,IN
2016,11,22,7,IN
2016,11,22,8,IN
2016,11,22,9,IN
2016,11,22,10,IN
2016,11,22,11,IN
2016,11,22,12,IN
2016,11,22,13,IN
2016,11,22,14,IN
2016,11,22,15,IN
2016,11,22,16,IN
2016,11,22,17,IN
2016,11,22,18,IN
2016,11,22,19,IN
2016,11,22,20,IN
2016,11,22,21,IN
2016,11,22,22,IN
2016,11,22,23,IN
2016,11,23,0,IN
2016,11,23,1,IN
2016,11,23,2,IN
2016,11,23,3,IN
2016,11,23,4,IN
2016,11,23,5,IN
2016,11,23,6,IN
2016,11,23,7,IN
2016,11,23,8,IN
2016,11,23,9,IN
2016,11,23,10,IN
2016,11,23,11,IN
2016,11,23,12,IN
2016,11,23,13,IN
2016,11,23,14,IN
2016,11,23,15,IN
2016,11,23,16,IN
2016,11,23,17,IN
2016,11,23,18,IN
2016,11,23,19,IN
2016,11,23,20,IN
2016,11,23,21,IN
2016,11,23,22,IN
2016,11,23,23,IN
2016,11,24,0,IN
2016,11,24,1,IN
2016,11,24,2,IN
2016,11,24,3,IN
2016,11,24,4,IN
2016,11,24,5,IN
2016,11,24,6,IN
2016,11,24,7,IN
2016,11,24,8,IN
2016,11,24,9,IN
2016,11,24,10,IN
2016,11,24,11,IN
2016,11,24,12,IN
2016,11,24,13,IN
2016,11,24,14,IN
2016,11,24,15,IN
2016,11,24,16,IN
2016,11,24,17,IN
2016,11,24,18,IN
2016,11,24,19,IN
2016,11,24,20,IN
2016,11,24,21,IN
2016,11,24,22,IN
2016,11,24,23,IN
2016,11,25,0,IN
2016,11,25,1,IN
2016,11,25,2,IN
2016,11,25,3,IN
2016,11,25,4,IN
2016,11,25,5,IN
2016,11,25,6,IN
2016,11,25,7,IN
2016,11,25,8,IN
2016,11,25,9,IN
2016,11,25,10,IN
2016,11,25,11,IN
2016,11,25,12,IN
2016,11,25,13,IN
2016,11,25,14,IN
2016,11,25,15,IN
2016,11,25,16,IN
2016,11,25,17,IN
2016,11,25,18,IN
2016,11,25,19,IN
2016,11,25,20,IN
2016,11,25,21,IN
2016,11,25,22,IN
2016,11,25,23,IN
2016,11,26,0,IN
2016,11,26,1,IN
2016,11,26,2,IN
2016,11,26,3,IN
2016,11,26,4,IN
2016,11,26,5,IN
2016,11,26,6,IN
2016,11,26,7,IN
2016,11,26,8,IN
2016,11,26,9,IN
2016,11,26,10,IN
2016,11,26,11,IN
2016,11,26,12,IN
2016,11,26,13,IN
2016,11,26,14,IN
2016,11,26,15,IN
2016,11,26,16,IN
2016,11,26,17,IN
2016,11,26,18,IN
2016,11,26,19,IN
2016,11,26,20,IN
2016,11,26,21,IN
2016,11,26,22,IN
2016,11,26,23,IN
2016,11,27,0,IN
2016,11,27,1,IN
2016,11,27,2,IN
2016,11,27,3,IN
2016,11,27,4,IN
2016,11,27,5,IN
2016,11,27,6,IN
2016,11,27,7,IN
2016,11,27,8,IN
2016,11,27,9,IN
2016,11,27,10,IN
2016,11,27,11,IN
2016,11,27,12,IN
2016,11,27,13,IN
2016,11,27,14,IN
2016,11,27,15,IN
2016,11,27,16,IN
2016,11,27,17,IN
2016,11,27,18,IN
2016,11,27,19,IN
2016,11,27,20,IN
2016,11,27,21,IN
2016,11,27,22,IN
2016,11,27,23,IN
2016,11,28,0,NE
2016,11,28,1,NE
2016,11,28,2,NE
2016,11,28,3,NE
2016,11,28,4,NE
2016,11,28,5,NE
2016,11,28,6,NE
2016,11,28,7,NE
2016,11,28,8,NE
2016,11,28,9,NE
2016,11,28,10,NE
2016,11,28,11,NE
2016,11,28,12,NE
2016,11,28,13,NE
2016,11,28,14,NE
2016,11,28,15,NE
2016,11,28,16,NE
2016,11,28,17,NE
2016,11,28,18,NE
2016,11,28,19,NE
2016,11,28,20,NE
2016,11,28,21,NE
2016,11,28,22,NE
2016,11,28,23,NE
2016,11,29,0,NE
2016,11,29,1,NE
2016,11,29,2,NE
2016,11,29,3,NE
2016,11,29,4,NE
2016,11,29,5,NE
2016,11,29,6,NE
2016,11,29,7,NE
2016,11,29,8,NE
2016,11,29,9,NE
2016,11,29,10,NE
2016,11,29,11,NE
2016,11,29,12,NE
2016,11,29,13,NE
2016,11,29,14,NE
2016,11,29,15,NE
2016,11,29,16,NE
2016,11,29,17,NE
2016,11,29,18,NE
2016,11,29,19,NE
2016,11,29,20,NE
2016,11,29,21,NE
2016,11,29,22,NE
2016,11,29,23,NE
2016,11,30,0,NE
2016,11,30,1,NE
2016,11,30,2,NE
2016,11,30,3,NE
2016,11,30,4,NE
2016,11,30,5,NE
2016,11,30,6,NE
2016,11,30,7,NE
2016,11,30,8,NE
2016,11,30,9,NE
2016,11,30,10,NE
2016,11,30,11,NE
2016,11,30,12,NE
2016,11,30,13,NE
2016,11,30,14,NE
2016,11,30,15,NE
2016,11,30,16,NE
2016,11,30,17,NE
2016,11,30,18,NE
2016,11,30,19,NE
2016,11,30,20,NE
2016,11,30,21,NE
2016,11,30,22,NE
2016,11,30,23,NE
2016,11,1,0,NE
2016,11,1,1,NE
2016,11,1,2,NE
2016,11,1,3,NE
2016,11,1,4,NE
2016,11,1,5,NE
2016,11,1,6,NE
2016,11,1,7,NE
2016,11,1,8,NE
2016,11,1,9,NE
2016,11,1,10,NE
2016,11,1,11,NE
2016,11,1,12,NE
2016,11,1,13,NE
2016,11,1,14,NE
2016,11,1,15,NE
2016,11,1,16,NE
2016,11,1,17,NE
2016,11,1,18,NE
2016,11,1,19,NE
2016,11,1,20,NE
2016,11,1,21,NE
2016,11,1,22,NE
2016,11,1,23,NE
2016,11,2,0,NE
2016,11,2,1,NE
2016,11,2,2,NE
2016,11,2,3,NE
2016,11,2,4,NE
2016,11,2,5,NE
2016,11,2,6,NE
2016,11,2,7,NE
2016,11,2,8,NE
2016,11,2,9,NE
2016,11,2,10,NE
2016,11,2,11,NE
2016,11,2,12,NE
2016,11,2,13,NE
2016,11,2,14,NE
2016,11,2,15,NE
2016,11,2,16,NE
2016,11,2,17,NE
2016,11,2,18,NE
2016,11,2,19,NE
2016,11,2,20,NE
2016,11,2,21,NE
2016,11,2,22,NE
2016,11,2,23,NE
2016,11,3,0,NE
2016,11,3,1,NE
2016,11,3,2,NE
2016,11,3,3,NE
2016,11,3,4,NE
2016,11,3,5,NE
2016,11,3,6,NE
2016,11,3,7,NE
2016,11,3,8,NE
2016,11,3,9,NE
2016,11,3,10,NE
2016,11,3,11,NE
2016,11,3,12,NE
2016,11,3,13,NE
2016,11,3,14,NE
2016,11,3,15,NE
2016,11,3,16,NE
2016,11,3,17,NE
2016,11,3,18,NE
2016,11,3,19,NE
2016,11,3,20,NE
2016,11,3,21,NE
2016,11,3,22,NE
2016,11,3,23,NE
2016,11,4,0,NE
2016,11,4,1,NE
2016,11,4,2,NE
2016,11,4,3,NE
2016,11,4,4,NE
2016,11,4,5,NE
2016,11,4,6,NE
2016,11,4,7,NE
2016,11,4,8,NE
2016,11,4,9,NE
2016,11,4,10,NE
2016,11,4,11,NE
2016,11,4,12,NE
2016,11,4,13,NE
2016,11,4,14,NE
2016,11,4,15,NE
2016,11,4,16,NE
2016,11,4,17,NE
2016,11,4,18,NE
2016,11,4,19,NE
2016,11,4,20,NE
2016,11,4,21,NE
2016,11,4,22,NE
2016,11,4,23,NE
2016,11,5,0,NE
2016,11,5,1,NE
2016,11,5,2,NE
2016,11,5,3,NE
2016,11,5,4,NE
2016,11,5,5,NE
2016,11,5,6,NE
2016,11,5,7,NE
2016,11,5,8,NE
2016,11,5,9,NE
2016,11,5,10,NE
2016,11,5,11,NE
2016,11,5,12,NE
2016,11,5,13,NE
2016,11,5,14,NE
2016,11,5,15,NE
2016,11,5,16,NE
2016,11,5,17,NE
2016,11,5,18,NE
2016,11,5,19,NE
2016,11,5,20,NE
2016,11,5,21,NE
2016,11,5,22,NE
2016,11,5,23,NE
2016,11,6,0,NE
2016,11,6,1,NE
2016,11,6,2,NE
2016,11,6,3,NE
2016,11,6,4,NE
2016,11,6,5,NE
2016,11,6,6,NE
2016,11,6,7,NE
2016,11,6,8,NE
2016,11,6,9,NE
2016,11,6,10,NE
2016,11,6,11,NE
2016,11,6,12,NE
2016,11,6,13,NE
2016,11,6,14,NE
2016,11,6,15,NE
2016,11,6,16,NE
2016,11,6,17,NE
2016,11,6,18,NE
2016,11,6,19,NE
2016,11,6,20,NE
2016,11,6,21,NE
2016,11,6,22,NE
2016,11,6,23,NE
2016,11,7,0,NE
2016,11,7,1,NE
2016,11,7,2,NE
2016,11,7,3,NE
2016,11,7,4,NE
2016,11,7,5,NE
2016,11,7,6,NE
2016,11,7,7,NE
2016,11,7,8,NE
2016,11,7,9,NE
2016,11,7,10,NE
2016,11,7,11,NE
2016,11,7,12,NE
2016,11,7,13,NE
2016,11,7,14,NE
2016,11,7,15,NE
2016,11,7,16,NE
2016,11,7,17,NE
2016,11,7,18,NE
2016,11,7,19,NE
2016,11,7,20,NE
2016,11,7,21,NE
2016,11,7,22,NE
2016,11,7,23,NE
2016,11,8,0,NE
2016,11,8,1,NE
2016,11,8,2,NE
2016,11,8,3,NE
2016,11,8,4,NE
2016,11,8,5,NE
2016,11,8,6,NE
2016,11,8,7,NE
2016,11,8,8,NE
2016,11,8,9,NE
2016,11,8,10,NE
2016,11,8,11,NE
2016,11,8,12,NE
2016,11,8,13,NE
2016,11,8,14,NE
2016,11,8,15,NE
2016,11,8,16,NE
2016,11,8,17,NE
2016,11,8,18,NE
2016,11,8,19,NE
2016,11,8,20,NE
2016,11,8,21,NE
2016,11,8,22,NE
2016,11,8,23,NE
2016,11,9,0,NE
2016,11,9,1,NE
2016,11,9,2,NE
2016,11,9,3,NE
2016,11,9,4,NE
2016,11,9,5,NE
2016,11,9,6,NE
2016,11,9,7,NE
2016,11,9,8,NE
2016,11,9,9,NE
2016,11,9,10,NE
2016,11,9,11,NE
2016,11,9,12,NE
2016,11,9,13,NE
2016,11,9,14,NE
2016,11,9,15,NE
2016,11,9,16,NE
2016,11,9,17,NE
2016,11,9,18,NE
2016,11,9,19,NE
2016,11,9,20,NE
2016,11,9,21,NE
2016,11,9,22,NE
2016,11,9,23,NE
2016,11,10,0,NE
2016,11,10,1,NE
2016,11,10,2,NE
2016,11,10,3,NE
2016,11,10,4,NE
2016,11,10,5,NE
2016,11,10,6,NE
2016,11,10,7,NE
2016,11,10,8,NE
2016,11,10,9,NE
2016,11,10,10,NE
2016,11,10,11,NE
2016,11,10,12,NE
2016,11,10,13,NE
2016,11,10,14,NE
2016,11,10,15,NE
2016,11,10,16,NE
2016,11,10,17,NE
2016,11,10,18,NE
2016,11,10,19,NE
2016,11,10,20,NE
2016,11,10,21,NE
2016,11,10,22,NE
2016,11,10,23,NE
2016,11,11,0,NE
2016,11,11,1,NE
2016,11,11,2,NE
2016,11,11,3,NE
2016,11,11,4,NE
2016,11,11,5,NE
2016,11,11,6,NE
2016,11,11,7,NE
2016,11,11,8,NE
2016,11,11,9,NE
2016,11,11,10,NE
2016,11,11,11,NE
2016,11,11,12,NE
2016,11,11,13,NE
2016,11,11,14,NE
2016,11,11,15,NE
2016,11,11,16,NE
2016,11,11,17,NE
2016,11,11,18,NE
2016,11,11,19,NE
2016,11,11,20,NE
2016,11,11,21,NE
2016,11,11,22,NE
2016,11,11,23,NE
2016,11,12,0,NE
2016,11,12,1,NE
2016,11,12,2,NE
2016,11,12,3,NE
2016,11,12,4,NE
2016,11,12,5,NE
2016,11,12,6,NE
2016,11,12,7,NE
2016,11,12,8,NE
2016,11,12,9,NE
2016,11,12,10,NE
2016,11,12,11,NE
2016,11,12,12,NE
2016,11,12,13,NE
2016,11,12,14,NE
2016,11,12,15,NE
2016,11,12,16,NE
2016,11,12,17,NE
2016,11,12,18,NE
2016,11,12,19,NE
2016,11,12,20,NE
2016,11,12,21,NE
2016,11,12,22,NE
2016,11,12,23,NE
2016,11,13,0,NE
2016,11,13,1,NE
2016,11,13,2,NE
2016,11,13,3,NE
2016,11,13,4,NE
2016,11,13,5,NE
2016,11,13,6,NE
2016,11,13,7,NE
2016,11,13,8,NE
2016,11,13,9,NE
2016,11,13,10,NE
2016,11,13,11,NE
2016,11,13,12,NE
2016,11,13,13,NE
2016,11,13,14,NE
2016,11,13,15,NE
2016,11,13,16,NE
2016,11,13,17,NE
2016,11,13,18,NE
2016,11,13,19,NE
2016,11,13,20,NE
2016,11,13,21,NE
2016,11,13,22,NE
2016,11,13,23,NE
2016,11,14,0,NE
2016,11,14,1,NE
2016,11,14,2,NE
2016,11,14,3,NE
2016,11,14,4,NE
2016,11,14,5,NE
2016,11,14,6,NE
2016,11,14,7,NE
2016,11,14,8,NE
2016,11,14,9,NE
2016,11,14,10,NE
2016,11,14,11,NE
2016,11,14,12,NE
2016,11,14,13,NE
2016,11,14,14,NE
2016,11,14,15,NE
2016,11,14,16,NE
2016,11,14,17,NE
2016,11,14,18,NE
2016,11,14,19,NE
2016,11,14,20,NE
2016,11,14,21,NE
2016,11,14,22,NE
2016,11,14,23,NE
2016,11,15,0,NE
2016,11,15,1,NE
2016,11,15,2,NE
2016,11,15,3,NE
2016,11,15,4,NE
2016,11,15,5,NE
2016,11,15,6,NE
2016,11,15,7,NE
2016,11,15,8,NE
2016,11,15,9,NE
2016,11,15,10,NE
2016,11,15,11,NE
2016,11,15,12,NE
2016,11,15,13,NE
2016,11,15,14,NE
2016,11,15,15,NE
2016,11,15,16,NE
2016,11,15,17,NE
2016,11,15,18,NE
2016,11,15,19,NE
2016,11,15,20,NE
2016,11,15,21,NE
2016,11,15,22,NE
2016,11,15,23,NE
2016,11,16,0,NE
2016,11,16,1,NE
2016,11,16,2,NE
2016,11,16,3,NE
2016,11,16,4,NE
2016,11,16,5,NE
2016,11,16,6,NE
2016,11,16,7,NE
2016,11,16,8,NE
2016,11,16,9,NE
2016,11,16,10,NE
2016,11,16,11,NE
2016,11,16,12,NE
2016,11,16,13,NE
2016,11,16,14,NE
2016,11,16,15,NE
2016,11,16,16,NE
2016,11,16,17,NE
2016,11,16,18,NE
2016,11,16,19,NE
2016,11,16,20,NE
2016,11,16,21,NE
2016,11,16,22,NE
2016,11,16,23,NE
2016,11,17,0,NE
2016,11,17,1,NE
2016,11,17,2,NE
2016,11,17,3,NE
2016,11,17,4,NE
2016,11,17,5,NE
2016,11,17,6,NE
2016,11,17,7,NE
2016,11,17,8,NE
2016,11,17,9,NE
2016,11,17,10,NE
2016,11,17,11,NE
2016,11,17,12,NE
2016,11,17,13,NE
2016,11,17,14,NE
2016,11,17,15,NE
2016,11,17,16,NE
2016,11,17,17,NE
2016,11,17,18,NE
2016,11,17,19,NE
2016,11,17,20,NE
2016,11,17,21,NE
2016,11,17,22,NE
2016,11,17,23,NE
2016,11,18,0,NE
2016,11,18,1,NE
2016,11,18,2,NE
2016,11,18,3,NE
2016,11,18,4,NE
2016,11,18,5,NE
2016,11,18,6,NE
2016,11,18,7,NE
2016,11,18,8,NE
2016,11,18,9,NE
2016,11,18,10,NE
2016,11,18,11,NE
2016,11,18,12,NE
2016,11,18,13,NE
2016,11,18,14,NE
2016,11,18,15,NE
2016,11,18,16,NE
2016,11,18,17,NE
2016,11,18,18,NE
2016,11,18,19,NE
2016,11,18,20,NE
2016,11,18,21,NE
2016,11,18,22,NE
2016,11,18,23,NE
2016,11,19,0,NE
2016,11,19,1,NE
2016,11,19,2,NE
2016,11,19,3,NE
2016,11,19,4,NE
2016,11,19,5,NE
2016,11,19,6,NE
2016,11,19,7,NE
2016,11,19,8,NE
2016,11,19,9,NE
2016,11,19,10,NE
2016,11,19,11,NE
2016,11,19,12,NE
2016,11,19,13,NE
2016,11,19,14,NE
2016,11,19,15,NE
2016,11,19,16,NE
2016,11,19,17,NE
2016,11,19,18,NE
2016,11,19,19,NE
2016,11,19,20,NE
2016,11,19,21,NE
2016,11,19,22,NE
2016,11,19,23,NE
2016,11,20,0,NE
2016,11,20,1,NE
2016,11,20,2,NE
2016,11,20,3,NE
2016,11,20,4,NE
2016,11,20,5,NE
2016,11,20,6,NE
2016,11,20,7,NE
2016,11,20,8,NE
2016,11,20,9,NE
2016,11,20,10,NE
2016,11,20,11,NE
2016,11,20,12,NE
2016,11,20,13,NE
2016,11,20,14,NE
2016,11,20,15,NE
2016,11,20,16,NE
2016,11,20,17,NE
2016,11,20,18,NE
2016,11,20,19,NE
2016,11,20,20,NE
2016,11,20,21,NE
2016,11,20,22,NE
2016,11,20,23,NE
2016,11,21,0,NE
2016,11,21,1,NE
2016,11,21,2,NE
2016,11,21,3,NE
2016,11,21,4,NE
2016,11,21,5,NE
2016,11,21,6,NE
2016,11,21,7,NE
2016,11,21,8,NE
2016,11,21,9,NE
2016,11,21,10,NE
2016,11,21,11,NE
2016,11,21,12,NE
2016,11,21,13,NE
2016,11,21,14,NE
2016,11,21,15,NE
2016,11,21,16,NE
2016,11,21,17,NE
2016,11,21,18,NE
2016,11,21,19,NE
2016,11,21,20,NE
2016,11,21,21,NE
2016,11,21,22,NE
2016,11,21,23,NE
2016,11,22,0,NE
2016,11,22,1,NE
2016,11,22,2,NE
2016,11,22,3,NE
2016,11,22,4,NE
2016,11,22,5,NE
2016,11,22,6,NE
2016,11,22,7,NE
2016,11,22,8,NE
2016,11,22,9,NE
2016,11,22,10,NE
2016,11,22,11,NE
2016,11,22,12,NE
2016,11,22,13,NE
2016,11,22,14,NE
2016,11,22,15,NE
2016,11,22,16,NE
2016,11,22,17,NE
2016,11,22,18,NE
2016,11,22,19,NE
2016,11,22,20,NE
2016,11,22,21,NE
2016,11,22,22,NE
2016,11,22,23,NE
2016,11,23,0,NE
2016,11,23,1,NE
2016,11,23,2,NE
2016,11,23,3,NE
2016,11,23,4,NE
2016,11,23,5,NE
2016,11,23,6,NE
2016,11,23,7,NE
2016,11,23,8,NE
2016,11,23,9,NE
2016,11,23,10,NE
2016,11,23,11,NE
2016,11,23,12,NE
2016,11,23,13,NE
2016,11,23,14,NE
2016,11,23,15,NE
2016,11,23,16,NE
2016,11,23,17,NE
2016,11,23,18,NE
2016,11,23,19,NE
2016,11,23,20,NE
2016,11,23,21,NE
2016,11,23,22,NE
2016,11,23,23,NE
2016,11,24,0,NE
2016,11,24,1,NE
2016,11,24,2,NE
2016,11,24,3,NE
2016,11,24,4,NE
2016,11,24,5,NE
2016,11,24,6,NE
2016,11,24,7,NE
2016,11,24,8,NE
2016,11,24,9,NE
2016,11,24,10,NE
2016,11,24,11,NE
2016,11,24,12,NE
2016,11,24,13,NE
2016,11,24,14,NE
2016,11,24,15,NE
2016,11,24,16,NE
2016,11,24,17,NE
2016,11,24,18,NE
2016,11,24,19,NE
2016,11,24,20,NE
2016,11,24,21,NE
2016,11,24,22,NE
2016,11,24,23,NE
2016,11,25,0,NE
2016,11,25,1,NE
2016,11,25,2,NE
2016,11,25,3,NE
2016,11,25,4,NE
2016,11,25,5,NE
2016,11,25,6,NE
2016,11,25,7,NE
2016,11,25,8,NE
2016,11,25,9,NE
2016,11,25,10,NE
2016,11,25,11,NE
2016,11,25,12,NE
2016,11,25,13,NE
2016,11,25,14,NE
2016,11,25,15,NE
2016,11,25,16,NE
2016,11,25,17,NE
2016,11,25,18,NE
2016,11,25,19,NE
2016,11,25,20,NE
2016,11,25,21,NE
2016,11,25,22,NE
2016,11,25,23,NE
2016,11,26,0,NE
2016,11,26,1,NE
2016,11,26,2,NE
2016,11,26,3,NE
2016,11,26,4,NE
2016,11,26,5,NE
2016,11,26,6,NE
2016,11,26,7,NE
2016,11,26,8,NE
2016,11,26,9,NE
2016,11,26,10,NE
2016,11,26,11,NE
2016,11,26,12,NE
2016,11,26,13,NE
2016,11,26,14,NE
2016,11,26,15,NE
2016,11,26,16,NE
2016,11,26,17,NE
2016,11,26,18,NE
2016,11,26,19,NE
2016,11,26,20,NE
2016,11,26,21,NE
2016,11,26,22,NE
2016,11,26,23,NE
2016,11,27,0,NE
2016,11,27,1,NE
2016,11,27,2,NE
2016,11,27,3,NE
2016,11,27,4,NE
2016,11,27,5,NE
2016,11,27,6,NE
2016,11,27,7,NE
2016,11,27,8,NE
2016,11,27,9,NE
2016,11,27,10,NE
2016,11,27,11,NE
2016,11,27,12,NE
2016,11,27,13,NE
2016,11,27,14,NE
2016,11,27,15,NE
2016,11,27,16,NE
2016,11,27,17,NE
2016,11,27,18,NE
2016,11,27,19,NE
2016,11,27,20,NE
2016,11,27,21,NE
2016,11,27,22,NE
2016,11,27,23,NE
2016,11,28,0,NW
2016,11,28,1,NW
2016,11,28,2,NW
2016,11,28,3,NW
2016,11,28,4,NW
2016,11,28,5,NW
2016,11,28,6,NW
2016,11,28,7,NW
2016,11,28,8,NW
2016,11,28,9,NW
2016,11,28,10,NW
2016,11,28,11,NW
2016,11,28,12,NW
2016,11,28,13,NW
2016,11,28,14,NW
2016,11,28,15,NW
2016,11,28,16,NW
2016,11,28,17,NW
2016,11,28,18,NW
2016,11,28,19,NW
2016,11,28,20,NW
2016,11,28,21,NW
2016,11,28,22,NW
2016,11,28,23,NW
2016,11,29,0,NW
2016,11,29,1,NW
2016,11,29,2,NW
2016,11,29,3,NW
2016,11,29,4,NW
2016,11,29,5,NW
2016,11,29,6,NW
2016,11,29,7,NW
2016,11,29,8,NW
2016,11,29,9,NW
2016,11,29,10,NW
2016,11,29,11,NW
2016,11,29,12,NW
2016,11,29,13,NW
2016,11,29,14,NW
2016,11,29,15,NW
2016,11,29,16,NW
2016,11,29,17,NW
2016,11,29,18,NW
2016,11,29,19,NW
2016,11,29,20,NW
2016,11,29,21,NW
2016,11,29,22,NW
2016,11,29,23,NW
2016,11,30,0,NW
2016,11,30,1,NW
2016,11,30,2,NW
2016,11,30,3,NW
2016,11,30,4,NW
2016,11,30,5,NW
2016,11,30,6,NW
2016,11,30,7,NW
2016,11,30,8,NW
2016,11,30,9,NW
2016,11,30,10,NW
2016,11,30,11,NW
2016,11,30,12,NW
2016,11,30,13,NW
2016,11,30,14,NW
2016,11,30,15,NW
2016,11,30,16,NW
2016,11,30,17,NW
2016,11,30,18,NW
2016,11,30,19,NW
2016,11,30,20,NW
2016,11,30,21,NW
2016,11,30,22,NW
2016,11,30,23,NW
2016,11,1,0,NW
2016,11,1,1,NW
2016,11,1,2,NW
2016,11,1,3,NW
2016,11,1,4,NW
2016,11,1,5,NW
2016,11,1,6,NW
2016,11,1,7,NW
2016,11,1,8,NW
2016,11,1,9,NW
2016,11,1,10,NW
2016,11,1,11,NW
2016,11,1,12,NW
2016,11,1,13,NW
2016,11,1,14,NW
2016,11,1,15,NW
2016,11,1,16,NW
2016,11,1,17,NW
2016,11,1,18,NW
2016,11,1,19,NW
2016,11,1,20,NW
2016,11,1,21,NW
2016,11,1,22,NW
2016,11,1,23,NW
2016,11,2,0,NW
2016,11,2,1,NW
2016,11,2,2,NW
2016,11,2,3,NW
2016,11,2,4,NW
2016,11,2,5,NW
2016,11,2,6,NW
2016,11,2,7,NW
2016,11,2,8,NW
2016,11,2,9,NW
2016,11,2,10,NW
2016,11,2,11,NW
2016,11,2,12,NW
2016,11,2,13,NW
2016,11,2,14,NW
2016,11,2,15,NW
2016,11,2,16,NW
2016,11,2,17,NW
2016,11,2,18,NW
2016,11,2,19,NW
2016,11,2,20,NW
2016,11,2,21,NW
2016,11,2,22,NW
2016,11,2,23,NW
2016,11,3,0,NW
2016,11,3,1,NW
2016,11,3,2,NW
2016,11,3,3,NW
2016,11,3,4,NW
2016,11,3,5,NW
2016,11,3,6,NW
2016,11,3,7,NW
2016,11,3,8,NW
2016,11,3,9,NW
2016,11,3,10,NW
2016,11,3,11,NW
2016,11,3,12,NW
2016,11,3,13,NW
2016,11,3,14,NW
2016,11,3,15,NW
2016,11,3,16,NW
2016,11,3,17,NW
2016,11,3,18,NW
2016,11,3,19,NW
2016,11,3,20,NW
2016,11,3,21,NW
2016,11,3,22,NW
2016,11,3,23,NW
2016,11,4,0,NW
2016,11,4,1,NW
2016,11,4,2,NW
2016,11,4,3,NW
2016,11,4,4,NW
2016,11,4,5,NW
2016,11,4,6,NW
2016,11,4,7,NW
2016,11,4,8,NW
2016,11,4,9,NW
2016,11,4,10,NW
2016,11,4,11,NW
2016,11,4,12,NW
2016,11,4,13,NW
2016,11,4,14,NW
2016,11,4,15,NW
2016,11,4,16,NW
2016,11,4,17,NW
2016,11,4,18,NW
2016,11,4,19,NW
2016,11,4,20,NW
2016,11,4,21,NW
2016,11,4,22,NW
2016,11,4,23,NW
2016,11,5,0,NW
2016,11,5,1,NW
2016,11,5,2,NW
2016,11,5,3,NW
2016,11,5,4,NW
2016,11,5,5,NW
2016,11,5,6,NW
2016,11,5,7,NW
2016,11,5,8,NW
2016,11,5,9,NW
2016,11,5,10,NW
2016,11,5,11,NW
2016,11,5,12,NW
2016,11,5,13,NW
2016,11,5,14,NW
2016,11,5,15,NW
2016,11,5,16,NW
2016,11,5,17,NW
2016,11,5,18,NW
2016,11,5,19,NW
2016,11,5,20,NW
2016,11,5,21,NW
2016,11,5,22,NW
2016,11,5,23,NW
2016,11,6,0,NW
2016,11,6,1,NW
2016,11,6,2,NW
2016,11,6,3,NW
2016,11,6,4,NW
2016,11,6,5,NW
2016,11,6,6,NW
2016,11,6,7,NW
2016,11,6,8,NW
2016,11,6,9,NW
2016,11,6,10,NW
2016,11,6,11,NW
2016,11,6,12,NW
2016,11,6,13,NW
2016,11,6,14,NW
2016,11,6,15,NW
2016,11,6,16,NW
2016,11,6,17,NW
2016,11,6,18,NW
2016,11,6,19,NW
2016,11,6,20,NW
2016,11,6,21,NW
2016,11,6,22,NW
2016,11,6,23,NW
2016,11,7,0,NW
2016,11,7,1,NW
2016,11,7,2,NW
2016,11,7,3,NW
2016,11,7,4,NW
2016,11,7,5,NW
2016,11,7,6,NW
2016,11,7,7,NW
2016,11,7,8,NW
2016,11,7,9,NW
2016,11,7,10,NW
2016,11,7,11,NW
2016,11,7,12,NW
2016,11,7,13,NW
2016,11,7,14,NW
2016,11,7,15,NW
2016,11,7,16,NW
2016,11,7,17,NW
2016,11,7,18,NW
2016,11,7,19,NW
2016,11,7,20,NW
2016,11,7,21,NW
2016,11,7,22,NW
2016,11,7,23,NW
2016,11,8,0,NW
2016,11,8,1,NW
2016,11,8,2,NW
2016,11,8,3,NW
2016,11,8,4,NW
2016,11,8,5,NW
2016,11,8,6,NW
2016,11,8,7,NW
2016,11,8,8,NW
2016,11,8,9,NW
2016,11,8,10,NW
2016,11,8,11,NW
2016,11,8,12,NW
2016,11,8,13,NW
2016,11,8,14,NW
2016,11,8,15,NW
2016,11,8,16,NW
2016,11,8,17,NW
2016,11,8,18,NW
2016,11,8,19,NW
2016,11,8,20,NW
2016,11,8,21,NW
2016,11,8,22,NW
2016,11,8,23,NW
2016,11,9,0,NW
2016,11,9,1,NW
2016,11,9,2,NW
2016,11,9,3,NW
2016,11,9,4,NW
2016,11,9,5,NW
2016,11,9,6,NW
2016,11,9,7,NW
2016,11,9,8,NW
2016,11,9,9,NW
2016,11,9,10,NW
2016,11,9,11,NW
2016,11,9,12,NW
2016,11,9,13,NW
2016,11,9,14,NW
2016,11,9,15,NW
2016,11,9,16,NW
2016,11,9,17,NW
2016,11,9,18,NW
2016,11,9,19,NW
2016,11,9,20,NW
2016,11,9,21,NW
2016,11,9,22,NW
2016,11,9,23,NW
2016,11,10,0,NW
2016,11,10,1,NW
2016,11,10,2,NW
2016,11,10,3,NW
2016,11,10,4,NW
2016,11,10,5,NW
2016,11,10,6,NW
2016,11,10,7,NW
2016,11,10,8,NW
2016,11,10,9,NW
2016,11,10,10,NW
2016,11,10,11,NW
2016,11,10,12,NW
2016,11,10,13,NW
2016,11,10,14,NW
2016,11,10,15,NW
2016,11,10,16,NW
2016,11,10,17,NW
2016,11,10,18,NW
2016,11,10,19,NW
2016,11,10,20,NW
2016,11,10,21,NW
2016,11,10,22,NW
2016,11,10,23,NW
2016,11,11,0,NW
2016,11,11,1,NW
2016,11,11,2,NW
2016,11,11,3,NW
2016,11,11,4,NW
2016,11,11,5,NW
2016,11,11,6,NW
2016,11,11,7,NW
2016,11,11,8,NW
2016,11,11,9,NW
2016,11,11,10,NW
2016,11,11,11,NW
2016,11,11,12,NW
2016,11,11,13,NW
2016,11,11,14,NW
2016,11,11,15,NW
2016,11,11,16,NW
2016,11,11,17,NW
2016,11,11,18,NW
2016,11,11,19,NW
2016,11,11,20,NW
2016,11,11,21,NW
2016,11,11,22,NW
2016,11,11,23,NW
2016,11,12,0,NW
2016,11,12,1,NW
2016,11,12,2,NW
2016,11,12,3,NW
2016,11,12,4,NW
2016,11,12,5,NW
2016,11,12,6,NW
2016,11,12,7,NW
2016,11,12,8,NW
2016,11,12,9,NW
2016,11,12,10,NW
2016,11,12,11,NW
2016,11,12,12,NW
2016,11,12,13,NW
2016,11,12,14,NW
2016,11,12,15,NW
2016,11,12,16,NW
2016,11,12,17,NW
2016,11,12,18,NW
2016,11,12,19,NW
2016,11,12,20,NW
2016,11,12,21,NW
2016,11,12,22,NW
2016,11,12,23,NW
2016,11,13,0,NW
2016,11,13,1,NW
2016,11,13,2,NW
2016,11,13,3,NW
2016,11,13,4,NW
2016,11,13,5,NW
2016,11,13,6,NW
2016,11,13,7,NW
2016,11,13,8,NW
2016,11,13,9,NW
2016,11,13,10,NW
2016,11,13,11,NW
2016,11,13,12,NW
2016,11,13,13,NW
2016,11,13,14,NW
2016,11,13,15,NW
2016,11,13,16,NW
2016,11,13,17,NW
2016,11,13,18,NW
2016,11,13,19,NW
2016,11,13,20,NW
2016,11,13,21,NW
2016,11,13,22,NW
2016,11,13,23,NW
2016,11,14,0,NW
2016,11,14,1,NW
2016,11,14,2,NW
2016,11,14,3,NW
2016,11,14,4,NW
2016,11,14,5,NW
2016,11,14,6,NW
2016,11,14,7,NW
2016,11,14,8,NW
2016,11,14,9,NW
2016,11,14,10,NW
2016,11,14,11,NW
2016,11,14,12,NW
2016,11,14,13,NW
2016,11,14,14,NW
2016,11,14,15,NW
2016,11,14,16,NW
2016,11,14,17,NW
2016,11,14,18,NW
2016,11,14,19,NW
2016,11,14,20,NW
2016,11,14,21,NW
2016,11,14,22,NW
2016,11,14,23,NW
2016,11,15,0,NW
2016,11,15,1,NW
2016,11,15,2,NW
2016,11,15,3,NW
2016,11,15,4,NW
2016,11,15,5,NW
2016,11,15,6,NW
2016,11,15,7,NW
2016,11,15,8,NW
2016,11,15,9,NW
2016,11,15,10,NW
2016,11,15,11,NW
2016,11,15,12,NW
2016,11,15,13,NW
2016,11,15,14,NW
2016,11,15,15,NW
2016,11,15,16,NW
2016,11,15,17,NW
2016,11,15,18,NW
2016,11,15,19,NW
2016,11,15,20,NW
2016,11,15,21,NW
2016,11,15,22,NW
2016,11,15,23,NW
2016,11,16,0,NW
2016,11,16,1,NW
2016,11,16,2,NW
2016,11,16,3,NW
2016,11,16,4,NW
2016,11,16,5,NW
2016,11,16,6,NW
2016,11,16,7,NW
2016,11,16,8,NW
2016,11,16,9,NW
2016,11,16,10,NW
2016,11,16,11,NW
2016,11,16,12,NW
2016,11,16,13,NW
2016,11,16,14,NW
2016,11,16,15,NW
2016,11,16,16,NW
2016,11,16,17,NW
2016,11,16,18,NW
2016,11,16,19,NW
2016,11,16,20,NW
2016,11,16,21,NW
2016,11,16,22,NW
2016,11,16,23,NW
2016,11,17,0,NW
2016,11,17,1,NW
2016,11,17,2,NW
2016,11,17,3,NW
2016,11,17,4,NW
2016,11,17,5,NW
2016,11,17,6,NW
2016,11,17,7,NW
2016,11,17,8,NW
2016,11,17,9,NW
2016,11,17,10,NW
2016,11,17,11,NW
2016,11,17,12,NW
2016,11,17,13,NW
2016,11,17,14,NW
2016,11,17,15,NW
2016,11,17,16,NW
2016,11,17,17,NW
2016,11,17,18,NW
2016,11,17,19,NW
2016,11,17,20,NW
2016,11,17,21,NW
2016,11,17,22,NW
2016,11,17,23,NW
2016,11,18,0,NW
2016,11,18,1,NW
2016,11,18,2,NW
2016,11,18,3,NW
2016,11,18,4,NW
2016,11,18,5,NW
2016,11,18,6,NW
2016,11,18,7,NW
2016,11,18,8,NW
2016,11,18,9,NW
2016,11,18,10,NW
2016,11,18,11,NW
2016,11,18,12,NW
2016,11,18,13,NW
2016,11,18,14,NW
2016,11,18,15,NW
2016,11,18,16,NW
2016,11,18,17,NW
2016,11,18,18,NW
2016,11,18,19,NW
2016,11,18,20,NW
2016,11,18,21,NW
2016,11,18,22,NW
2016,11,18,23,NW
2016,11,19,0,NW
2016,11,19,1,NW
2016,11,19,2,NW
2016,11,19,3,NW
2016,11,19,4,NW
2016,11,19,5,NW
2016,11,19,6,NW
2016,11,19,7,NW
2016,11,19,8,NW
2016,11,19,9,NW
2016,11,19,10,NW
2016,11,19,11,NW
2016,11,19,12,NW
2016,11,19,13,NW
2016,11,19,14,NW
2016,11,19,15,NW
2016,11,19,16,NW
2016,11,19,17,NW
2016,11,19,18,NW
2016,11,19,19,NW
2016,11,19,20,NW
2016,11,19,21,NW
2016,11,19,22,NW
2016,11,19,23,NW
2016,11,20,0,NW
2016,11,20,1,NW
2016,11,20,2,NW
2016,11,20,3,NW
2016,11,20,4,NW
2016,11,20,5,NW
2016,11,20,6,NW
2016,11,20,7,NW
2016,11,20,8,NW
2016,11,20,9,NW
2016,11,20,10,NW
2016,11,20,11,NW
2016,11,20,12,NW
2016,11,20,13,NW
2016,11,20,14,NW
2016,11,20,15,NW
2016,11,20,16,NW
2016,11,20,17,NW
2016,11,20,18,NW
2016,11,20,19,NW
2016,11,20,20,NW
2016,11,20,21,NW
2016,11,20,22,NW
2016,11,20,23,NW
2016,11,21,0,NW
2016,11,21,1,NW
2016,11,21,2,NW
2016,11,21,3,NW
2016,11,21,4,NW
2016,11,21,5,NW
2016,11,21,6,NW
2016,11,21,7,NW
2016,11,21,8,NW
2016,11,21,9,NW
2016,11,21,10,NW
2016,11,21,11,NW
2016,11,21,12,NW
2016,11,21,13,NW
2016,11,21,14,NW
2016,11,21,15,NW
2016,11,21,16,NW
2016,11,21,17,NW
2016,11,21,18,NW
2016,11,21,19,NW
2016,11,21,20,NW
2016,11,21,21,NW
2016,11,21,22,NW
2016,11,21,23,NW
2016,11,22,0,NW
2016,11,22,1,NW
2016,11,22,2,NW
2016,11,22,3,NW
2016,11,22,4,NW
2016,11,22,5,NW
2016,11,22,6,NW
2016,11,22,7,NW
2016,11,22,8,NW
2016,11,22,9,NW
2016,11,22,10,NW
2016,11,22,11,NW
2016,11,22,12,NW
2016,11,22,13,NW
2016,11,22,14,NW
2016,11,22,15,NW
2016,11,22,16,NW
2016,11,22,17,NW
2016,11,22,18,NW
2016,11,22,19,NW
2016,11,22,20,NW
2016,11,22,21,NW
2016,11,22,22,NW
2016,11,22,23,NW
2016,11,23,0,NW
2016,11,23,1,NW
2016,11,23,2,NW
2016,11,23,3,NW
2016,11,23,4,NW
2016,11,23,5,NW
2016,11,23,6,NW
2016,11,23,7,NW
2016,11,23,8,NW
2016,11,23,9,NW
2016,11,23,10,NW
2016,11,23,11,NW
2016,11,23,12,NW
2016,11,23,13,NW
2016,11,23,14,NW
2016,11,23,15,NW
2016,11,23,16,NW
2016,11,23,17,NW
2016,11,23,18,NW
2016,11,23,19,NW
2016,11,23,20,NW
2016,11,23,21,NW
2016,11,23,22,NW
2016,11,23,23,NW
2016,11,24,0,NW
2016,11,24,1,NW
2016,11,24,2,NW
2016,11,24,3,NW
2016,11,24,4,NW
2016,11,24,5,NW
2016,11,24,6,NW
2016,11,24,7,NW
2016,11,24,8,NW
2016,11,24,9,NW
2016,11,24,10,NW
2016,11,24,11,NW
2016,11,24,12,NW
2016,11,24,13,NW
2016,11,24,14,NW
2016,11,24,15,NW
2016,11,24,16,NW
2016,11,24,17,NW
2016,11,24,18,NW
2016,11,24,19,NW
2016,11,24,20,NW
2016,11,24,21,NW
2016,11,24,22,NW
2016,11,24,23,NW
2016,11,25,0,NW
2016,11,25,1,NW
2016,11,25,2,NW
2016,11,25,3,NW
2016,11,25,4,NW
2016,11,25,5,NW
2016,11,25,6,NW
2016,11,25,7,NW
2016,11,25,8,NW
2016,11,25,9,NW
2016,11,25,10,NW
2016,11,25,11,NW
2016,11,25,12,NW
2016,11,25,13,NW
2016,11,25,14,NW
2016,11,25,15,NW
2016,11,25,16,NW
2016,11,25,17,NW
2016,11,25,18,NW
2016,11,25,19,NW
2016,11,25,20,NW
2016,11,25,21,NW
2016,11,25,22,NW
2016,11,25,23,NW
2016,11,26,0,NW
2016,11,26,1,NW
2016,11,26,2,NW
2016,11,26,3,NW
2016,11,26,4,NW
2016,11,26,5,NW
2016,11,26,6,NW
2016,11,26,7,NW
2016,11,26,8,NW
2016,11,26,9,NW
2016,11,26,10,NW
2016,11,26,11,NW
2016,11,26,12,NW
2016,11,26,13,NW
2016,11,26,14,NW
2016,11,26,15,NW
2016,11,26,16,NW
2016,11,26,17,NW
2016,11,26,18,NW
2016,11,26,19,NW
2016,11,26,20,NW
2016,11,26,21,NW
2016,11,26,22,NW
2016,11,26,23,NW
2016,11,27,0,NW
2016,11,27,1,NW
2016,11,27,2,NW
2016,11,27,3,NW
2016,11,27,4,NW
2016,11,27,5,NW
2016,11,27,6,NW
2016,11,27,7,NW
2016,11,27,8,NW
2016,11,27,9,NW
2016,11,27,10,NW
2016,11,27,11,NW
2016,11,27,12,NW
2016,11,27,13,NW
2016,11,27,14,NW
2016,11,27,15,NW
2016,11,27,16,NW
2016,11,27,17,NW
2016,11,27,18,NW
2016,11,27,19,NW
2016,11,27,20,NW
2016,11,27,21,NW
2016,11,27,22,NW
2016,11,27,23,NW
2016,11,28,0,PE
2016,11,28,1,PE
2016,11,28,2,PE
2016,11,28,3,PE
2016,11,28,4,PE
2016,11,28,5,PE
2016,11,28,6,PE
2016,11,28,7,PE
2016,11,28,8,PE
2016,11,28,9,PE
2016,11,28,10,PE
2016,11,28,11,PE
2016,11,28,12,PE
2016,11,28,13,PE
2016,11,28,14,PE
2016,11,28,15,PE
2016,11,28,16,PE
2016,11,28,17,PE
2016,11,28,18,PE
2016,11,28,19,PE
2016,11,28,20,PE
2016,11,28,21,PE
2016,11,28,22,PE
2016,11,28,23,PE
2016,11,29,0,PE
2016,11,29,1,PE
2016,11,29,2,PE
2016,11,29,3,PE
2016,11,29,4,PE
2016,11,29,5,PE
2016,11,29,6,PE
2016,11,29,7,PE
2016,11,29,8,PE
2016,11,29,9,PE
2016,11,29,10,PE
2016,11,29,11,PE
2016,11,29,12,PE
2016,11,29,13,PE
2016,11,29,14,PE
2016,11,29,15,PE
2016,11,29,16,PE
2016,11,29,17,PE
2016,11,29,18,PE
2016,11,29,19,PE
2016,11,29,20,PE
2016,11,29,21,PE
2016,11,29,22,PE
2016,11,29,23,PE
2016,11,30,0,PE
2016,11,30,1,PE
2016,11,30,2,PE
2016,11,30,3,PE
2016,11,30,4,PE
2016,11,30,5,PE
2016,11,30,6,PE
2016,11,30,7,PE
2016,11,30,8,PE
2016,11,30,9,PE
2016,11,30,10,PE
2016,11,30,11,PE
2016,11,30,12,PE
2016,11,30,13,PE
2016,11,30,14,PE
2016,11,30,15,PE
2016,11,30,16,PE
2016,11,30,17,PE
2016,11,30,18,PE
2016,11,30,19,PE
2016,11,30,20,PE
2016,11,30,21,PE
2016,11,30,22,PE
2016,11,30,23,PE
2016,11,1,0,PE
2016,11,1,1,PE
2016,11,1,2,PE
2016,11,1,3,PE
2016,11,1,4,PE
2016,11,1,5,PE
2016,11,1,6,PE
2016,11,1,7,PE
2016,11,1,8,PE
2016,11,1,9,PE
2016,11,1,10,PE
2016,11,1,11,PE
2016,11,1,12,PE
2016,11,1,13,PE
2016,11,1,14,PE
2016,11,1,15,PE
2016,11,1,16,PE
2016,11,1,17,PE
2016,11,1,18,PE
2016,11,1,19,PE
2016,11,1,20,PE
2016,11,1,21,PE
2016,11,1,22,PE
2016,11,1,23,PE
2016,11,2,0,PE
2016,11,2,1,PE
2016,11,2,2,PE
2016,11,2,3,PE
2016,11,2,4,PE
2016,11,2,5,PE
2016,11,2,6,PE
2016,11,2,7,PE
2016,11,2,8,PE
2016,11,2,9,PE
2016,11,2,10,PE
2016,11,2,11,PE
2016,11,2,12,PE
2016,11,2,13,PE
2016,11,2,14,PE
2016,11,2,15,PE
2016,11,2,16,PE
2016,11,2,17,PE
2016,11,2,18,PE
2016,11,2,19,PE
2016,11,2,20,PE
2016,11,2,21,PE
2016,11,2,22,PE
2016,11,2,23,PE
2016,11,3,0,PE
2016,11,3,1,PE
2016,11,3,2,PE
2016,11,3,3,PE
2016,11,3,4,PE
2016,11,3,5,PE
2016,11,3,6,PE
2016,11,3,7,PE
2016,11,3,8,PE
2016,11,3,9,PE
2016,11,3,10,PE
2016,11,3,11,PE
2016,11,3,12,PE
2016,11,3,13,PE
2016,11,3,14,PE
2016,11,3,15,PE
2016,11,3,16,PE
2016,11,3,17,PE
2016,11,3,18,PE
2016,11,3,19,PE
2016,11,3,20,PE
2016,11,3,21,PE
2016,11,3,22,PE
2016,11,3,23,PE
2016,11,4,0,PE
2016,11,4,1,PE
2016,11,4,2,PE
2016,11,4,3,PE
2016,11,4,4,PE
2016,11,4,5,PE
2016,11,4,6,PE
2016,11,4,7,PE
2016,11,4,8,PE
2016,11,4,9,PE
2016,11,4,10,PE
2016,11,4,11,PE
2016,11,4,12,PE
2016,11,4,13,PE
2016,11,4,14,PE
2016,11,4,15,PE
2016,11,4,16,PE
2016,11,4,17,PE
2016,11,4,18,PE
2016,11,4,19,PE
2016,11,4,20,PE
2016,11,4,21,PE
2016,11,4,22,PE
2016,11,4,23,PE
2016,11,5,0,PE
2016,11,5,1,PE
2016,11,5,2,PE
2016,11,5,3,PE
2016,11,5,4,PE
2016,11,5,5,PE
2016,11,5,6,PE
2016,11,5,7,PE
2016,11,5,8,PE
2016,11,5,9,PE
2016,11,5,10,PE
2016,11,5,11,PE
2016,11,5,12,PE
2016,11,5,13,PE
2016,11,5,14,PE
2016,11,5,15,PE
2016,11,5,16,PE
2016,11,5,17,PE
2016,11,5,18,PE
2016,11,5,19,PE
2016,11,5,20,PE
2016,11,5,21,PE
2016,11,5,22,PE
2016,11,5,23,PE
2016,11,6,0,PE
2016,11,6,1,PE
2016,11,6,2,PE
2016,11,6,3,PE
2016,11,6,4,PE
2016,11,6,5,PE
2016,11,6,6,PE
2016,11,6,7,PE
2016,11,6,8,PE
2016,11,6,9,PE
2016,11,6,10,PE
2016,11,6,11,PE
2016,11,6,12,PE
2016,11,6,13,PE
2016,11,6,14,PE
2016,11,6,15,PE
2016,11,6,16,PE
2016,11,6,17,PE
2016,11,6,18,PE
2016,11,6,19,PE
2016,11,6,20,PE
2016,11,6,21,PE
2016,11,6,22,PE
2016,11,6,23,PE
2016,11,7,0,PE
2016,11,7,1,PE
2016,11,7,2,PE
2016,11,7,3,PE
2016,11,7,4,PE
2016,11,7,5,PE
2016,11,7,6,PE
2016,11,7,7,PE
2016,11,7,8,PE
2016,11,7,9,PE
2016,11,7,10,PE
2016,11,7,11,PE
2016,11,7,12,PE
2016,11,7,13,PE
2016,11,7,14,PE
2016,11,7,15,PE
2016,11,7,16,PE
2016,11,7,17,PE
2016,11,7,18,PE
2016,11,7,19,PE
2016,11,7,20,PE
2016,11,7,21,PE
2016,11,7,22,PE
2016,11,7,23,PE
2016,11,8,0,PE
2016,11,8,1,PE
2016,11,8,2,PE
2016,11,8,3,PE
2016,11,8,4,PE
2016,11,8,5,PE
2016,11,8,6,PE
2016,11,8,7,PE
2016,11,8,8,PE
2016,11,8,9,PE
2016,11,8,10,PE
2016,11,8,11,PE
2016,11,8,12,PE
2016,11,8,13,PE
2016,11,8,14,PE
2016,11,8,15,PE
2016,11,8,16,PE
2016,11,8,17,PE
2016,11,8,18,PE
2016,11,8,19,PE
2016,11,8,20,PE
2016,11,8,21,PE
2016,11,8,22,PE
2016,11,8,23,PE
2016,11,9,0,PE
2016,11,9,1,PE
2016,11,9,2,PE
2016,11,9,3,PE
2016,11,9,4,PE
2016,11,9,5,PE
2016,11,9,6,PE
2016,11,9,7,PE
2016,11,9,8,PE
2016,11,9,9,PE
2016,11,9,10,PE
2016,11,9,11,PE
2016,11,9,12,PE
2016,11,9,13,PE
2016,11,9,14,PE
2016,11,9,15,PE
2016,11,9,16,PE
2016,11,9,17,PE
2016,11,9,18,PE
2016,11,9,19,PE
2016,11,9,20,PE
2016,11,9,21,PE
2016,11,9,22,PE
2016,11,9,23,PE
2016,11,10,0,PE
2016,11,10,1,PE
2016,11,10,2,PE
2016,11,10,3,PE
2016,11,10,4,PE
2016,11,10,5,PE
2016,11,10,6,PE
2016,11,10,7,PE
2016,11,10,8,PE
2016,11,10,9,PE
2016,11,10,10,PE
2016,11,10,11,PE
2016,11,10,12,PE
2016,11,10,13,PE
2016,11,10,14,PE
2016,11,10,15,PE
2016,11,10,16,PE
2016,11,10,17,PE
2016,11,10,18,PE
2016,11,10,19,PE
2016,11,10,20,PE
2016,11,10,21,PE
2016,11,10,22,PE
2016,11,10,23,PE
2016,11,11,0,PE
2016,11,11,1,PE
2016,11,11,2,PE
2016,11,11,3,PE
2016,11,11,4,PE
2016,11,11,5,PE
2016,11,11,6,PE
2016,11,11,7,PE
2016,11,11,8,PE
2016,11,11,9,PE
2016,11,11,10,PE
2016,11,11,11,PE
2016,11,11,12,PE
2016,11,11,13,PE
2016,11,11,14,PE
2016,11,11,15,PE
2016,11,11,16,PE
2016,11,11,17,PE
2016,11,11,18,PE
2016,11,11,19,PE
2016,11,11,20,PE
2016,11,11,21,PE
2016,11,11,22,PE
2016,11,11,23,PE
2016,11,12,0,PE
2016,11,12,1,PE
2016,11,12,2,PE
2016,11,12,3,PE
2016,11,12,4,PE
2016,11,12,5,PE
2016,11,12,6,PE
2016,11,12,7,PE
2016,11,12,8,PE
2016,11,12,9,PE
2016,11,12,10,PE
2016,11,12,11,PE
2016,11,12,12,PE
2016,11,12,13,PE
2016,11,12,14,PE
2016,11,12,15,PE
2016,11,12,16,PE
2016,11,12,17,PE
2016,11,12,18,PE
2016,11,12,19,PE
2016,11,12,20,PE
2016,11,12,21,PE
2016,11,12,22,PE
2016,11,12,23,PE
2016,11,13,0,PE
2016,11,13,1,PE
2016,11,13,2,PE
2016,11,13,3,PE
2016,11,13,4,PE
2016,11,13,5,PE
2016,11,13,6,PE
2016,11,13,7,PE
2016,11,13,8,PE
2016,11,13,9,PE
2016,11,13,10,PE
2016,11,13,11,PE
2016,11,13,12,PE
2016,11,13,13,PE
2016,11,13,14,PE
2016,11,13,15,PE
2016,11,13,16,PE
2016,11,13,17,PE
2016,11,13,18,PE
2016,11,13,19,PE
2016,11,13,20,PE
2016,11,13,21,PE
2016,11,13,22,PE
2016,11,13,23,PE
2016,11,14,0,PE
2016,11,14,1,PE
2016,11,14,2,PE
2016,11,14,3,PE
2016,11,14,4,PE
2016,11,14,5,PE
2016,11,14,6,PE
2016,11,14,7,PE
2016,11,14,8,PE
2016,11,14,9,PE
2016,11,14,10,PE
2016,11,14,11,PE
2016,11,14,12,PE
2016,11,14,13,PE
2016,11,14,14,PE
2016,11,14,15,PE
2016,11,14,16,PE
2016,11,14,17,PE
2016,11,14,18,PE
2016,11,14,19,PE
2016,11,14,20,PE
2016,11,14,21,PE
2016,11,14,22,PE
2016,11,14,23,PE
2016,11,15,0,PE
2016,11,15,1,PE
2016,11,15,2,PE
2016,11,15,3,PE
2016,11,15,4,PE
2016,11,15,5,PE
2016,11,15,6,PE
2016,11,15,7,PE
2016,11,15,8,PE
2016,11,15,9,PE
2016,11,15,10,PE
2016,11,15,11,PE
2016,11,15,12,PE
2016,11,15,13,PE
2016,11,15,14,PE
2016,11,15,15,PE
2016,11,15,16,PE
2016,11,15,17,PE
2016,11,15,18,PE
2016,11,15,19,PE
2016,11,15,20,PE
2016,11,15,21,PE
2016,11,15,22,PE
2016,11,15,23,PE
2016,11,16,0,PE
2016,11,16,1,PE
2016,11,16,2,PE
2016,11,16,3,PE
2016,11,16,4,PE
2016,11,16,5,PE
2016,11,16,6,PE
2016,11,16,7,PE
2016,11,16,8,PE
2016,11,16,9,PE
2016,11,16,10,PE
2016,11,16,11,PE
2016,11,16,12,PE
2016,11,16,13,PE
2016,11,16,14,PE
2016,11,16,15,PE
2016,11,16,16,PE
2016,11,16,17,PE
2016,11,16,18,PE
2016,11,16,19,PE
2016,11,16,20,PE
2016,11,16,21,PE
2016,11,16,22,PE
2016,11,16,23,PE
2016,11,17,0,PE
2016,11,17,1,PE
2016,11,17,2,PE
2016,11,17,3,PE
2016,11,17,4,PE
2016,11,17,5,PE
2016,11,17,6,PE
2016,11,17,7,PE
2016,11,17,8,PE
2016,11,17,9,PE
2016,11,17,10,PE
2016,11,17,11,PE
2016,11,17,12,PE
2016,11,17,13,PE
2016,11,17,14,PE
2016,11,17,15,PE
2016,11,17,16,PE
2016,11,17,17,PE
2016,11,17,18,PE
2016,11,17,19,PE
2016,11,17,20,PE
2016,11,17,21,PE
2016,11,17,22,PE
2016,11,17,23,PE
2016,11,18,0,PE
2016,11,18,1,PE
2016,11,18,2,PE
2016,11,18,3,PE
2016,11,18,4,PE
2016,11,18,5,PE
2016,11,18,6,PE
2016,11,18,7,PE
2016,11,18,8,PE
2016,11,18,9,PE
2016,11,18,10,PE
2016,11,18,11,PE
2016,11,18,12,PE
2016,11,18,13,PE
2016,11,18,14,PE
2016,11,18,15,PE
2016,11,18,16,PE
2016,11,18,17,PE
2016,11,18,18,PE
2016,11,18,19,PE
2016,11,18,20,PE
2016,11,18,21,PE
2016,11,18,22,PE
2016,11,18,23,PE
2016,11,19,0,PE
2016,11,19,1,PE
2016,11,19,2,PE
2016,11,19,3,PE
2016,11,19,4,PE
2016,11,19,5,PE
2016,11,19,6,PE
2016,11,19,7,PE
2016,11,19,8,PE
2016,11,19,9,PE
2016,11,19,10,PE
2016,11,19,11,PE
2016,11,19,12,PE
2016,11,19,13,PE
2016,11,19,14,PE
2016,11,19,15,PE
2016,11,19,16,PE
2016,11,19,17,PE
2016,11,19,18,PE
2016,11,19,19,PE
2016,11,19,20,PE
2016,11,19,21,PE
2016,11,19,22,PE
2016,11,19,23,PE
2016,11,20,0,PE
2016,11,20,1,PE
2016,11,20,2,PE
2016,11,20,3,PE
2016,11,20,4,PE
2016,11,20,5,PE
2016,11,20,6,PE
2016,11,20,7,PE
2016,11,20,8,PE
2016,11,20,9,PE
2016,11,20,10,PE
2016,11,20,11,PE
2016,11,20,12,PE
2016,11,20,13,PE
2016,11,20,14,PE
2016,11,20,15,PE
2016,11,20,16,PE
2016,11,20,17,PE
2016,11,20,18,PE
2016,11,20,19,PE
2016,11,20,20,PE
2016,11,20,21,PE
2016,11,20,22,PE
2016,11,20,23,PE
2016,11,21,0,PE
2016,11,21,1,PE
2016,11,21,2,PE
2016,11,21,3,PE
2016,11,21,4,PE
2016,11,21,5,PE
2016,11,21,6,PE
2016,11,21,7,PE
2016,11,21,8,PE
2016,11,21,9,PE
2016,11,21,10,PE
2016,11,21,11,PE
2016,11,21,12,PE
2016,11,21,13,PE
2016,11,21,14,PE
2016,11,21,15,PE
2016,11,21,16,PE
2016,11,21,17,PE
2016,11,21,18,PE
2016,11,21,19,PE
2016,11,21,20,PE
2016,11,21,21,PE
2016,11,21,22,PE
2016,11,21,23,PE
2016,11,22,0,PE
2016,11,22,1,PE
2016,11,22,2,PE
2016,11,22,3,PE
2016,11,22,4,PE
2016,11,22,5,PE
2016,11,22,6,PE
2016,11,22,7,PE
2016,11,22,8,PE
2016,11,22,9,PE
2016,11,22,10,PE
2016,11,22,11,PE
2016,11,22,12,PE
2016,11,22,13,PE
2016,11,22,14,PE
2016,11,22,15,PE
2016,11,22,16,PE
2016,11,22,17,PE
2016,11,22,18,PE
2016,11,22,19,PE
2016,11,22,20,PE
2016,11,22,21,PE
2016,11,22,22,PE
2016,11,22,23,PE
2016,11,23,0,PE
2016,11,23,1,PE
2016,11,23,2,PE
2016,11,23,3,PE
2016,11,23,4,PE
2016,11,23,5,PE
2016,11,23,6,PE
2016,11,23,7,PE
2016,11,23,8,PE
2016,11,23,9,PE
2016,11,23,10,PE
2016,11,23,11,PE
2016,11,23,12,PE
2016,11,23,13,PE
2016,11,23,14,PE
2016,11,23,15,PE
2016,11,23,16,PE
2016,11,23,17,PE
2016,11,23,18,PE
2016,11,23,19,PE
2016,11,23,20,PE
2016,11,23,21,PE
2016,11,23,22,PE
2016,11,23,23,PE
2016,11,24,0,PE
2016,11,24,1,PE
2016,11,24,2,PE
2016,11,24,3,PE
2016,11,24,4,PE
2016,11,24,5,PE
2016,11,24,6,PE
2016,11,24,7,PE
2016,11,24,8,PE
2016,11,24,9,PE
2016,11,24,10,PE
2016,11,24,11,PE
2016,11,24,12,PE
2016,11,24,13,PE
2016,11,24,14,PE
2016,11,24,15,PE
2016,11,24,16,PE
2016,11,24,17,PE
2016,11,24,18,PE
2016,11,24,19,PE
2016,11,24,20,PE
2016,11,24,21,PE
2016,11,24,22,PE
2016,11,24,23,PE
2016,11,25,0,PE
2016,11,25,1,PE
2016,11,25,2,PE
2016,11,25,3,PE
2016,11,25,4,PE
2016,11,25,5,PE
2016,11,25,6,PE
2016,11,25,7,PE
2016,11,25,8,PE
2016,11,25,9,PE
2016,11,25,10,PE
2016,11,25,11,PE
2016,11,25,12,PE
2016,11,25,13,PE
2016,11,25,14,PE
2016,11,25,15,PE
2016,11,25,16,PE
2016,11,25,17,PE
2016,11,25,18,PE
2016,11,25,19,PE
2016,11,25,20,PE
2016,11,25,21,PE
2016,11,25,22,PE
2016,11,25,23,PE
2016,11,26,0,PE
2016,11,26,1,PE
2016,11,26,2,PE
2016,11,26,3,PE
2016,11,26,4,PE
2016,11,26,5,PE
2016,11,26,6,PE
2016,11,26,7,PE
2016,11,26,8,PE
2016,11,26,9,PE
2016,11,26,10,PE
2016,11,26,11,PE
2016,11,26,12,PE
2016,11,26,13,PE
2016,11,26,14,PE
2016,11,26,15,PE
2016,11,26,16,PE
2016,11,26,17,PE
2016,11,26,18,PE
2016,11,26,19,PE
2016,11,26,20,PE
2016,11,26,21,PE
2016,11,26,22,PE
2016,11,26,23,PE
2016,11,27,0,PE
2016,11,27,1,PE
2016,11,27,2,PE
2016,11,27,3,PE
2016,11,27,4,PE
2016,11,27,5,PE
2016,11,27,6,PE
2016,11,27,7,PE
2016,11,27,8,PE
2016,11,27,9,PE
2016,11,27,10,PE
2016,11,27,11,PE
2016,11,27,12,PE
2016,11,27,13,PE
2016,11,27,14,PE
2016,11,27,15,PE
2016,11,27,16,PE
2016,11,27,17,PE
2016,11,27,18,PE
2016,11,27,19,PE
2016,11,27,20,PE
2016,11,27,21,PE
2016,11,27,22,PE
2016,11,27,23,PE
2016,11,28,0,PS
2016,11,28,1,PS
2016,11,28,2,PS
2016,11,28,3,PS
2016,11,28,4,PS
2016,11,28,5,PS
2016,11,28,6,PS
2016,11,28,7,PS
2016,11,28,8,PS
2016,11,28,9,PS
2016,11,28,10,PS
2016,11,28,11,PS
2016,11,28,12,PS
2016,11,28,13,PS
2016,11,28,14,PS
2016,11,28,15,PS
2016,11,28,16,PS
2016,11,28,17,PS
2016,11,28,18,PS
2016,11,28,19,PS
2016,11,28,20,PS
2016,11,28,21,PS
2016,11,28,22,PS
2016,11,28,23,PS
2016,11,29,0,PS
2016,11,29,1,PS
2016,11,29,2,PS
2016,11,29,3,PS
2016,11,29,4,PS
2016,11,29,5,PS
2016,11,29,6,PS
2016,11,29,7,PS
2016,11,29,8,PS
2016,11,29,9,PS
2016,11,29,10,PS
2016,11,29,11,PS
2016,11,29,12,PS
2016,11,29,13,PS
2016,11,29,14,PS
2016,11,29,15,PS
2016,11,29,16,PS
2016,11,29,17,PS
2016,11,29,18,PS
2016,11,29,19,PS
2016,11,29,20,PS
2016,11,29,21,PS
2016,11,29,22,PS
2016,11,29,23,PS
2016,11,30,0,PS
2016,11,30,1,PS
2016,11,30,2,PS
2016,11,30,3,PS
2016,11,30,4,PS
2016,11,30,5,PS
2016,11,30,6,PS
2016,11,30,7,PS
2016,11,30,8,PS
2016,11,30,9,PS
2016,11,30,10,PS
2016,11,30,11,PS
2016,11,30,12,PS
2016,11,30,13,PS
2016,11,30,14,PS
2016,11,30,15,PS
2016,11,30,16,PS
2016,11,30,17,PS
2016,11,30,18,PS
2016,11,30,19,PS
2016,11,30,20,PS
2016,11,30,21,PS
2016,11,30,22,PS
2016,11,30,23,PS
2016,11,1,0,PS
2016,11,1,1,PS
2016,11,1,2,PS
2016,11,1,3,PS
2016,11,1,4,PS
2016,11,1,5,PS
2016,11,1,6,PS
2016,11,1,7,PS
2016,11,1,8,PS
2016,11,1,9,PS
2016,11,1,10,PS
2016,11,1,11,PS
2016,11,1,12,PS
2016,11,1,13,PS
2016,11,1,14,PS
2016,11,1,15,PS
2016,11,1,16,PS
2016,11,1,17,PS
2016,11,1,18,PS
2016,11,1,19,PS
2016,11,1,20,PS
2016,11,1,21,PS
2016,11,1,22,PS
2016,11,1,23,PS
2016,11,2,0,PS
2016,11,2,1,PS
2016,11,2,2,PS
2016,11,2,3,PS
2016,11,2,4,PS
2016,11,2,5,PS
2016,11,2,6,PS
2016,11,2,7,PS
2016,11,2,8,PS
2016,11,2,9,PS
2016,11,2,10,PS
2016,11,2,11,PS
2016,11,2,12,PS
2016,11,2,13,PS
2016,11,2,14,PS
2016,11,2,15,PS
2016,11,2,16,PS
2016,11,2,17,PS
2016,11,2,18,PS
2016,11,2,19,PS
2016,11,2,20,PS
2016,11,2,21,PS
2016,11,2,22,PS
2016,11,2,23,PS
2016,11,3,0,PS
2016,11,3,1,PS
2016,11,3,2,PS
2016,11,3,3,PS
2016,11,3,4,PS
2016,11,3,5,PS
2016,11,3,6,PS
2016,11,3,7,PS
2016,11,3,8,PS
2016,11,3,9,PS
2016,11,3,10,PS
2016,11,3,11,PS
2016,11,3,12,PS
2016,11,3,13,PS
2016,11,3,14,PS
2016,11,3,15,PS
2016,11,3,16,PS
2016,11,3,17,PS
2016,11,3,18,PS
2016,11,3,19,PS
2016,11,3,20,PS
2016,11,3,21,PS
2016,11,3,22,PS
2016,11,3,23,PS
2016,11,4,0,PS
2016,11,4,1,PS
2016,11,4,2,PS
2016,11,4,3,PS
2016,11,4,4,PS
2016,11,4,5,PS
2016,11,4,6,PS
2016,11,4,7,PS
2016,11,4,8,PS
2016,11,4,9,PS
2016,11,4,10,PS
2016,11,4,11,PS
2016,11,4,12,PS
2016,11,4,13,PS
2016,11,4,14,PS
2016,11,4,15,PS
2016,11,4,16,PS
2016,11,4,17,PS
2016,11,4,18,PS
2016,11,4,19,PS
2016,11,4,20,PS
2016,11,4,21,PS
2016,11,4,22,PS
2016,11,4,23,PS
2016,11,5,0,PS
2016,11,5,1,PS
2016,11,5,2,PS
2016,11,5,3,PS
2016,11,5,4,PS
2016,11,5,5,PS
2016,11,5,6,PS
2016,11,5,7,PS
2016,11,5,8,PS
2016,11,5,9,PS
2016,11,5,10,PS
2016,11,5,11,PS
2016,11,5,12,PS
2016,11,5,13,PS
2016,11,5,14,PS
2016,11,5,15,PS
2016,11,5,16,PS
2016,11,5,17,PS
2016,11,5,18,PS
2016,11,5,19,PS
2016,11,5,20,PS
2016,11,5,21,PS
2016,11,5,22,PS
2016,11,5,23,PS
2016,11,6,0,PS
2016,11,6,1,PS
2016,11,6,2,PS
2016,11,6,3,PS
2016,11,6,4,PS
2016,11,6,5,PS
2016,11,6,6,PS
2016,11,6,7,PS
2016,11,6,8,PS
2016,11,6,9,PS
2016,11,6,10,PS
2016,11,6,11,PS
2016,11,6,12,PS
2016,11,6,13,PS
2016,11,6,14,PS
2016,11,6,15,PS
2016,11,6,16,PS
2016,11,6,17,PS
2016,11,6,18,PS
2016,11,6,19,PS
2016,11,6,20,PS
2016,11,6,21,PS
2016,11,6,22,PS
2016,11,6,23,PS
2016,11,7,0,PS
2016,11,7,1,PS
2016,11,7,2,PS
2016,11,7,3,PS
2016,11,7,4,PS
2016,11,7,5,PS
2016,11,7,6,PS
2016,11,7,7,PS
2016,11,7,8,PS
2016,11,7,9,PS
2016,11,7,10,PS
2016,11,7,11,PS
2016,11,7,12,PS
2016,11,7,13,PS
2016,11,7,14,PS
2016,11,7,15,PS
2016,11,7,16,PS
2016,11,7,17,PS
2016,11,7,18,PS
2016,11,7,19,PS
2016,11,7,20,PS
2016,11,7,21,PS
2016,11,7,22,PS
2016,11,7,23,PS
2016,11,8,0,PS
2016,11,8,1,PS
2016,11,8,2,PS
2016,11,8,3,PS
2016,11,8,4,PS
2016,11,8,5,PS
2016,11,8,6,PS
2016,11,8,7,PS
2016,11,8,8,PS
2016,11,8,9,PS
2016,11,8,10,PS
2016,11,8,11,PS
2016,11,8,12,PS
2016,11,8,13,PS
2016,11,8,14,PS
2016,11,8,15,PS
2016,11,8,16,PS
2016,11,8,17,PS
2016,11,8,18,PS
2016,11,8,19,PS
2016,11,8,20,PS
2016,11,8,21,PS
2016,11,8,22,PS
2016,11,8,23,PS
2016,11,9,0,PS
2016,11,9,1,PS
2016,11,9,2,PS
2016,11,9,3,PS
2016,11,9,4,PS
2016,11,9,5,PS
2016,11,9,6,PS
2016,11,9,7,PS
2016,11,9,8,PS
2016,11,9,9,PS
2016,11,9,10,PS
2016,11,9,11,PS
2016,11,9,12,PS
2016,11,9,13,PS
2016,11,9,14,PS
2016,11,9,15,PS
2016,11,9,16,PS
2016,11,9,17,PS
2016,11,9,18,PS
2016,11,9,19,PS
2016,11,9,20,PS
2016,11,9,21,PS
2016,11,9,22,PS
2016,11,9,23,PS
2016,11,10,0,PS
2016,11,10,1,PS
2016,11,10,2,PS
2016,11,10,3,PS
2016,11,10,4,PS
2016,11,10,5,PS
2016,11,10,6,PS
2016,11,10,7,PS
2016,11,10,8,PS
2016,11,10,9,PS
2016,11,10,10,PS
2016,11,10,11,PS
2016,11,10,12,PS
2016,11,10,13,PS
2016,11,10,14,PS
2016,11,10,15,PS
2016,11,10,16,PS
2016,11,10,17,PS
2016,11,10,18,PS
2016,11,10,19,PS
2016,11,10,20,PS
2016,11,10,21,PS
2016,11,10,22,PS
2016,11,10,23,PS
2016,11,11,0,PS
2016,11,11,1,PS
2016,11,11,2,PS
2016,11,11,3,PS
2016,11,11,4,PS
2016,11,11,5,PS
2016,11,11,6,PS
2016,11,11,7,PS
2016,11,11,8,PS
2016,11,11,9,PS
2016,11,11,10,PS
2016,11,11,11,PS
2016,11,11,12,PS
2016,11,11,13,PS
2016,11,11,14,PS
2016,11,11,15,PS
2016,11,11,16,PS
2016,11,11,17,PS
2016,11,11,18,PS
2016,11,11,19,PS
2016,11,11,20,PS
2016,11,11,21,PS
2016,11,11,22,PS
2016,11,11,23,PS
2016,11,12,0,PS
2016,11,12,1,PS
2016,11,12,2,PS
2016,11,12,3,PS
2016,11,12,4,PS
2016,11,12,5,PS
2016,11,12,6,PS
2016,11,12,7,PS
2016,11,12,8,PS
2016,11,12,9,PS
2016,11,12,10,PS
2016,11,12,11,PS
2016,11,12,12,PS
2016,11,12,13,PS
2016,11,12,14,PS
2016,11,12,15,PS
2016,11,12,16,PS
2016,11,12,17,PS
2016,11,12,18,PS
2016,11,12,19,PS
2016,11,12,20,PS
2016,11,12,21,PS
2016,11,12,22,PS
2016,11,12,23,PS
2016,11,13,0,PS
2016,11,13,1,PS
2016,11,13,2,PS
2016,11,13,3,PS
2016,11,13,4,PS
2016,11,13,5,PS
2016,11,13,6,PS
2016,11,13,7,PS
2016,11,13,8,PS
2016,11,13,9,PS
2016,11,13,10,PS
2016,11,13,11,PS
2016,11,13,12,PS
2016,11,13,13,PS
2016,11,13,14,PS
2016,11,13,15,PS
2016,11,13,16,PS
2016,11,13,17,PS
2016,11,13,18,PS
2016,11,13,19,PS
2016,11,13,20,PS
2016,11,13,21,PS
2016,11,13,22,PS
2016,11,13,23,PS
2016,11,14,0,PS
2016,11,14,1,PS
2016,11,14,2,PS
2016,11,14,3,PS
2016,11,14,4,PS
2016,11,14,5,PS
2016,11,14,6,PS
2016,11,14,7,PS
2016,11,14,8,PS
2016,11,14,9,PS
2016,11,14,10,PS
2016,11,14,11,PS
2016,11,14,12,PS
2016,11,14,13,PS
2016,11,14,14,PS
2016,11,14,15,PS
2016,11,14,16,PS
2016,11,14,17,PS
2016,11,14,18,PS
2016,11,14,19,PS
2016,11,14,20,PS
2016,11,14,21,PS
2016,11,14,22,PS
2016,11,14,23,PS
2016,11,15,0,PS
2016,11,15,1,PS
2016,11,15,2,PS
2016,11,15,3,PS
2016,11,15,4,PS
2016,11,15,5,PS
2016,11,15,6,PS
2016,11,15,7,PS
2016,11,15,8,PS
2016,11,15,9,PS
2016,11,15,10,PS
2016,11,15,11,PS
2016,11,15,12,PS
2016,11,15,13,PS
2016,11,15,14,PS
2016,11,15,15,PS
2016,11,15,16,PS
2016,11,15,17,PS
2016,11,15,18,PS
2016,11,15,19,PS
2016,11,15,20,PS
2016,11,15,21,PS
2016,11,15,22,PS
2016,11,15,23,PS
2016,11,16,0,PS
2016,11,16,1,PS
2016,11,16,2,PS
2016,11,16,3,PS
2016,11,16,4,PS
2016,11,16,5,PS
2016,11,16,6,PS
2016,11,16,7,PS
2016,11,16,8,PS
2016,11,16,9,PS
2016,11,16,10,PS
2016,11,16,11,PS
2016,11,16,12,PS
2016,11,16,13,PS
2016,11,16,14,PS
2016,11,16,15,PS
2016,11,16,16,PS
2016,11,16,17,PS
2016,11,16,18,PS
2016,11,16,19,PS
2016,11,16,20,PS
2016,11,16,21,PS
2016,11,16,22,PS
2016,11,16,23,PS
2016,11,17,0,PS
2016,11,17,1,PS
2016,11,17,2,PS
2016,11,17,3,PS
2016,11,17,4,PS
2016,11,17,5,PS
2016,11,17,6,PS
2016,11,17,7,PS
2016,11,17,8,PS
2016,11,17,9,PS
2016,11,17,10,PS
2016,11,17,11,PS
2016,11,17,12,PS
2016,11,17,13,PS
2016,11,17,14,PS
2016,11,17,15,PS
2016,11,17,16,PS
2016,11,17,17,PS
2016,11,17,18,PS
2016,11,17,19,PS
2016,11,17,20,PS
2016,11,17,21,PS
2016,11,17,22,PS
2016,11,17,23,PS
2016,11,18,0,PS
2016,11,18,1,PS
2016,11,18,2,PS
2016,11,18,3,PS
2016,11,18,4,PS
2016,11,18,5,PS
2016,11,18,6,PS
2016,11,18,7,PS
2016,11,18,8,PS
2016,11,18,9,PS
2016,11,18,10,PS
2016,11,18,11,PS
2016,11,18,12,PS
2016,11,18,13,PS
2016,11,18,14,PS
2016,11,18,15,PS
2016,11,18,16,PS
2016,11,18,17,PS
2016,11,18,18,PS
2016,11,18,19,PS
2016,11,18,20,PS
2016,11,18,21,PS
2016,11,18,22,PS
2016,11,18,23,PS
2016,11,19,0,PS
2016,11,19,1,PS
2016,11,19,2,PS
2016,11,19,3,PS
2016,11,19,4,PS
2016,11,19,5,PS
2016,11,19,6,PS
2016,11,19,7,PS
2016,11,19,8,PS
2016,11,19,9,PS
2016,11,19,10,PS
2016,11,19,11,PS
2016,11,19,12,PS
2016,11,19,13,PS
2016,11,19,14,PS
2016,11,19,15,PS
2016,11,19,16,PS
2016,11,19,17,PS
2016,11,19,18,PS
2016,11,19,19,PS
2016,11,19,20,PS
2016,11,19,21,PS
2016,11,19,22,PS
2016,11,19,23,PS
2016,11,20,0,PS
2016,11,20,1,PS
2016,11,20,2,PS
2016,11,20,3,PS
2016,11,20,4,PS
2016,11,20,5,PS
2016,11,20,6,PS
2016,11,20,7,PS
2016,11,20,8,PS
2016,11,20,9,PS
2016,11,20,10,PS
2016,11,20,11,PS
2016,11,20,12,PS
2016,11,20,13,PS
2016,11,20,14,PS
2016,11,20,15,PS
2016,11,20,16,PS
2016,11,20,17,PS
2016,11,20,18,PS
2016,11,20,19,PS
2016,11,20,20,PS
2016,11,20,21,PS
2016,11,20,22,PS
2016,11,20,23,PS
2016,11,21,0,PS
2016,11,21,1,PS
2016,11,21,2,PS
2016,11,21,3,PS
2016,11,21,4,PS
2016,11,21,5,PS
2016,11,21,6,PS
2016,11,21,7,PS
2016,11,21,8,PS
2016,11,21,9,PS
2016,11,21,10,PS
2016,11,21,11,PS
2016,11,21,12,PS
2016,11,21,13,PS
2016,11,21,14,PS
2016,11,21,15,PS
2016,11,21,16,PS
2016,11,21,17,PS
2016,11,21,18,PS
2016,11,21,19,PS
2016,11,21,20,PS
2016,11,21,21,PS
2016,11,21,22,PS
2016,11,21,23,PS
2016,11,22,0,PS
2016,11,22,1,PS
2016,11,22,2,PS
2016,11,22,3,PS
2016,11,22,4,PS
2016,11,22,5,PS
2016,11,22,6,PS
2016,11,22,7,PS
2016,11,22,8,PS
2016,11,22,9,PS
2016,11,22,10,PS
2016,11,22,11,PS
2016,11,22,12,PS
2016,11,22,13,PS
2016,11,22,14,PS
2016,11,22,15,PS
2016,11,22,16,PS
2016,11,22,17,PS
2016,11,22,18,PS
2016,11,22,19,PS
2016,11,22,20,PS
2016,11,22,21,PS
2016,11,22,22,PS
2016,11,22,23,PS
2016,11,23,0,PS
2016,11,23,1,PS
2016,11,23,2,PS
2016,11,23,3,PS
2016,11,23,4,PS
2016,11,23,5,PS
2016,11,23,6,PS
2016,11,23,7,PS
2016,11,23,8,PS
2016,11,23,9,PS
2016,11,23,10,PS
2016,11,23,11,PS
2016,11,23,12,PS
2016,11,23,13,PS
2016,11,23,14,PS
2016,11,23,15,PS
2016,11,23,16,PS
2016,11,23,17,PS
2016,11,23,18,PS
2016,11,23,19,PS
2016,11,23,20,PS
2016,11,23,21,PS
2016,11,23,22,PS
2016,11,23,23,PS
2016,11,24,0,PS
2016,11,24,1,PS
2016,11,24,2,PS
2016,11,24,3,PS
2016,11,24,4,PS
2016,11,24,5,PS
2016,11,24,6,PS
2016,11,24,7,PS
2016,11,24,8,PS
2016,11,24,9,PS
2016,11,24,10,PS
2016,11,24,11,PS
2016,11,24,12,PS
2016,11,24,13,PS
2016,11,24,14,PS
2016,11,24,15,PS
2016,11,24,16,PS
2016,11,24,17,PS
2016,11,24,18,PS
2016,11,24,19,PS
2016,11,24,20,PS
2016,11,24,21,PS
2016,11,24,22,PS
2016,11,24,23,PS
2016,11,25,0,PS
2016,11,25,1,PS
2016,11,25,2,PS
2016,11,25,3,PS
2016,11,25,4,PS
2016,11,25,5,PS
2016,11,25,6,PS
2016,11,25,7,PS
2016,11,25,8,PS
2016,11,25,9,PS
2016,11,25,10,PS
2016,11,25,11,PS
2016,11,25,12,PS
2016,11,25,13,PS
2016,11,25,14,PS
2016,11,25,15,PS
2016,11,25,16,PS
2016,11,25,17,PS
2016,11,25,18,PS
2016,11,25,19,PS
2016,11,25,20,PS
2016,11,25,21,PS
2016,11,25,22,PS
2016,11,25,23,PS
2016,11,26,0,PS
2016,11,26,1,PS
2016,11,26,2,PS
2016,11,26,3,PS
2016,11,26,4,PS
2016,11,26,5,PS
2016,11,26,6,PS
2016,11,26,7,PS
2016,11,26,8,PS
2016,11,26,9,PS
2016,11,26,10,PS
2016,11,26,11,PS
2016,11,26,12,PS
2016,11,26,13,PS
2016,11,26,14,PS
2016,11,26,15,PS
2016,11,26,16,PS
2016,11,26,17,PS
2016,11,26,18,PS
2016,11,26,19,PS
2016,11,26,20,PS
2016,11,26,21,PS
2016,11,26,22,PS
2016,11,26,23,PS
2016,11,27,0,PS
2016,11,27,1,PS
2016,11,27,2,PS
2016,11,27,3,PS
2016,11,27,4,PS
2016,11,27,5,PS
2016,11,27,6,PS
2016,11,27,7,PS
2016,11,27,8,PS
2016,11,27,9,PS
2016,11,27,10,PS
2016,11,27,11,PS
2016,11,27,12,PS
2016,11,27,13,PS
2016,11,27,14,PS
2016,11,27,15,PS
2016,11,27,16,PS
2016,11,27,17,PS
2016,11,27,18,PS
2016,11,27,19,PS
2016,11,27,20,PS
2016,11,27,21,PS
2016,11,27,22,PS
2016,11,27,23,PS
2016,11,28,0,TT
2016,11,28,1,TT
2016,11,28,2,TT
2016,11,28,3,TT
2016,11,28,4,TT
2016,11,28,5,TT
2016,11,28,6,TT
2016,11,28,7,TT
2016,11,28,8,TT
2016,11,28,9,TT
2016,11,28,10,TT
2016,11,28,11,TT
2016,11,28,12,TT
2016,11,28,13,TT
2016,11,28,14,TT
2016,11,28,15,TT
2016,11,28,16,TT
2016,11,28,17,TT
2016,11,28,18,TT
2016,11,28,19,TT
2016,11,28,20,TT
2016,11,28,21,TT
2016,11,28,22,TT
2016,11,28,23,TT
2016,11,29,0,TT
2016,11,29,1,TT
2016,11,29,2,TT
2016,11,29,3,TT
2016,11,29,4,TT
2016,11,29,5,TT
2016,11,29,6,TT
2016,11,29,7,TT
2016,11,29,8,TT
2016,11,29,9,TT
2016,11,29,10,TT
2016,11,29,11,TT
2016,11,29,12,TT
2016,11,29,13,TT
2016,11,29,14,TT
2016,11,29,15,TT
2016,11,29,16,TT
2016,11,29,17,TT
2016,11,29,18,TT
2016,11,29,19,TT
2016,11,29,20,TT
2016,11,29,21,TT
2016,11,29,22,TT
2016,11,29,23,TT
2016,11,30,0,TT
2016,11,30,1,TT
2016,11,30,2,TT
2016,11,30,3,TT
2016,11,30,4,TT
2016,11,30,5,TT
2016,11,30,6,TT
2016,11,30,7,TT
2016,11,30,8,TT
2016,11,30,9,TT
2016,11,30,10,TT
2016,11,30,11,TT
2016,11,30,12,TT
2016,11,30,13,TT
2016,11,30,14,TT
2016,11,30,15,TT
2016,11,30,16,TT
2016,11,30,17,TT
2016,11,30,18,TT
2016,11,30,19,TT
2016,11,30,20,TT
2016,11,30,21,TT
2016,11,30,22,TT
2016,11,30,23,TT
2016,11,1,0,TT
2016,11,1,1,TT
2016,11,1,2,TT
2016,11,1,3,TT
2016,11,1,4,TT
2016,11,1,5,TT
2016,11,1,6,TT
2016,11,1,7,TT
2016,11,1,8,TT
2016,11,1,9,TT
2016,11,1,10,TT
2016,11,1,11,TT
2016,11,1,12,TT
2016,11,1,13,TT
2016,11,1,14,TT
2016,11,1,15,TT
2016,11,1,16,TT
2016,11,1,17,TT
2016,11,1,18,TT
2016,11,1,19,TT
2016,11,1,20,TT
2016,11,1,21,TT
2016,11,1,22,TT
2016,11,1,23,TT
2016,11,2,0,TT
2016,11,2,1,TT
2016,11,2,2,TT
2016,11,2,3,TT
2016,11,2,4,TT
2016,11,2,5,TT
2016,11,2,6,TT
2016,11,2,7,TT
2016,11,2,8,TT
2016,11,2,9,TT
2016,11,2,10,TT
2016,11,2,11,TT
2016,11,2,12,TT
2016,11,2,13,TT
2016,11,2,14,TT
2016,11,2,15,TT
2016,11,2,16,TT
2016,11,2,17,TT
2016,11,2,18,TT
2016,11,2,19,TT
2016,11,2,20,TT
2016,11,2,21,TT
2016,11,2,22,TT
2016,11,2,23,TT
2016,11,3,0,TT
2016,11,3,1,TT
2016,11,3,2,TT
2016,11,3,3,TT
2016,11,3,4,TT
2016,11,3,5,TT
2016,11,3,6,TT
2016,11,3,7,TT
2016,11,3,8,TT
2016,11,3,9,TT
2016,11,3,10,TT
2016,11,3,11,TT
2016,11,3,12,TT
2016,11,3,13,TT
2016,11,3,14,TT
2016,11,3,15,TT
2016,11,3,16,TT
2016,11,3,17,TT
2016,11,3,18,TT
2016,11,3,19,TT
2016,11,3,20,TT
2016,11,3,21,TT
2016,11,3,22,TT
2016,11,3,23,TT
2016,11,4,0,TT
2016,11,4,1,TT
2016,11,4,2,TT
2016,11,4,3,TT
2016,11,4,4,TT
2016,11,4,5,TT
2016,11,4,6,TT
2016,11,4,7,TT
2016,11,4,8,TT
2016,11,4,9,TT
2016,11,4,10,TT
2016,11,4,11,TT
2016,11,4,12,TT
2016,11,4,13,TT
2016,11,4,14,TT
2016,11,4,15,TT
2016,11,4,16,TT
2016,11,4,17,TT
2016,11,4,18,TT
2016,11,4,19,TT
2016,11,4,20,TT
2016,11,4,21,TT
2016,11,4,22,TT
2016,11,4,23,TT
2016,11,5,0,TT
2016,11,5,1,TT
2016,11,5,2,TT
2016,11,5,3,TT
2016,11,5,4,TT
2016,11,5,5,TT
2016,11,5,6,TT
2016,11,5,7,TT
2016,11,5,8,TT
2016,11,5,9,TT
2016,11,5,10,TT
2016,11,5,11,TT
2016,11,5,12,TT
2016,11,5,13,TT
2016,11,5,14,TT
2016,11,5,15,TT
2016,11,5,16,TT
2016,11,5,17,TT
2016,11,5,18,TT
2016,11,5,19,TT
2016,11,5,20,TT
2016,11,5,21,TT
2016,11,5,22,TT
2016,11,5,23,TT
2016,11,6,0,TT
2016,11,6,1,TT
2016,11,6,2,TT
2016,11,6,3,TT
2016,11,6,4,TT
2016,11,6,5,TT
2016,11,6,6,TT
2016,11,6,7,TT
2016,11,6,8,TT
2016,11,6,9,TT
2016,11,6,10,TT
2016,11,6,11,TT
2016,11,6,12,TT
2016,11,6,13,TT
2016,11,6,14,TT
2016,11,6,15,TT
2016,11,6,16,TT
2016,11,6,17,TT
2016,11,6,18,TT
2016,11,6,19,TT
2016,11,6,20,TT
2016,11,6,21,TT
2016,11,6,22,TT
2016,11,6,23,TT
2016,11,7,0,TT
2016,11,7,1,TT
2016,11,7,2,TT
2016,11,7,3,TT
2016,11,7,4,TT
2016,11,7,5,TT
2016,11,7,6,TT
2016,11,7,7,TT
2016,11,7,8,TT
2016,11,7,9,TT
2016,11,7,10,TT
2016,11,7,11,TT
2016,11,7,12,TT
2016,11,7,13,TT
2016,11,7,14,TT
2016,11,7,15,TT
2016,11,7,16,TT
2016,11,7,17,TT
2016,11,7,18,TT
2016,11,7,19,TT
2016,11,7,20,TT
2016,11,7,21,TT
2016,11,7,22,TT
2016,11,7,23,TT
2016,11,8,0,TT
2016,11,8,1,TT
2016,11,8,2,TT
2016,11,8,3,TT
2016,11,8,4,TT
2016,11,8,5,TT
2016,11,8,6,TT
2016,11,8,7,TT
2016,11,8,8,TT
2016,11,8,9,TT
2016,11,8,10,TT
2016,11,8,11,TT
2016,11,8,12,TT
2016,11,8,13,TT
2016,11,8,14,TT
2016,11,8,15,TT
2016,11,8,16,TT
2016,11,8,17,TT
2016,11,8,18,TT
2016,11,8,19,TT
2016,11,8,20,TT
2016,11,8,21,TT
2016,11,8,22,TT
2016,11,8,23,TT
2016,11,9,0,TT
2016,11,9,1,TT
2016,11,9,2,TT
2016,11,9,3,TT
2016,11,9,4,TT
2016,11,9,5,TT
2016,11,9,6,TT
2016,11,9,7,TT
2016,11,9,8,TT
2016,11,9,9,TT
2016,11,9,10,TT
2016,11,9,11,TT
2016,11,9,12,TT
2016,11,9,13,TT
2016,11,9,14,TT
2016,11,9,15,TT
2016,11,9,16,TT
2016,11,9,17,TT
2016,11,9,18,TT
2016,11,9,19,TT
2016,11,9,20,TT
2016,11,9,21,TT
2016,11,9,22,TT
2016,11,9,23,TT
2016,11,10,0,TT
2016,11,10,1,TT
2016,11,10,2,TT
2016,11,10,3,TT
2016,11,10,4,TT
2016,11,10,5,TT
2016,11,10,6,TT
2016,11,10,7,TT
2016,11,10,8,TT
2016,11,10,9,TT
2016,11,10,10,TT
2016,11,10,11,TT
2016,11,10,12,TT
2016,11,10,13,TT
2016,11,10,14,TT
2016,11,10,15,TT
2016,11,10,16,TT
2016,11,10,17,TT
2016,11,10,18,TT
2016,11,10,19,TT
2016,11,10,20,TT
2016,11,10,21,TT
2016,11,10,22,TT
2016,11,10,23,TT
2016,11,11,0,TT
2016,11,11,1,TT
2016,11,11,2,TT
2016,11,11,3,TT
2016,11,11,4,TT
2016,11,11,5,TT
2016,11,11,6,TT
2016,11,11,7,TT
2016,11,11,8,TT
2016,11,11,9,TT
2016,11,11,10,TT
2016,11,11,11,TT
2016,11,11,12,TT
2016,11,11,13,TT
2016,11,11,14,TT
2016,11,11,15,TT
2016,11,11,16,TT
2016,11,11,17,TT
2016,11,11,18,TT
2016,11,11,19,TT
2016,11,11,20,TT
2016,11,11,21,TT
2016,11,11,22,TT
2016,11,11,23,TT
2016,11,12,0,TT
2016,11,12,1,TT
2016,11,12,2,TT
2016,11,12,3,TT
2016,11,12,4,TT
2016,11,12,5,TT
2016,11,12,6,TT
2016,11,12,7,TT
2016,11,12,8,TT
2016,11,12,9,TT
2016,11,12,10,TT
2016,11,12,11,TT
2016,11,12,12,TT
2016,11,12,13,TT
2016,11,12,14,TT
2016,11,12,15,TT
2016,11,12,16,TT
2016,11,12,17,TT
2016,11,12,18,TT
2016,11,12,19,TT
2016,11,12,20,TT
2016,11,12,21,TT
2016,11,12,22,TT
2016,11,12,23,TT
2016,11,13,0,TT
2016,11,13,1,TT
2016,11,13,2,TT
2016,11,13,3,TT
2016,11,13,4,TT
2016,11,13,5,TT
2016,11,13,6,TT
2016,11,13,7,TT
2016,11,13,8,TT
2016,11,13,9,TT
2016,11,13,10,TT
2016,11,13,11,TT
2016,11,13,12,TT
2016,11,13,13,TT
2016,11,13,14,TT
2016,11,13,15,TT
2016,11,13,16,TT
2016,11,13,17,TT
2016,11,13,18,TT
2016,11,13,19,TT
2016,11,13,20,TT
2016,11,13,21,TT
2016,11,13,22,TT
2016,11,13,23,TT
2016,11,14,0,TT
2016,11,14,1,TT
2016,11,14,2,TT
2016,11,14,3,TT
2016,11,14,4,TT
2016,11,14,5,TT
2016,11,14,6,TT
2016,11,14,7,TT
2016,11,14,8,TT
2016,11,14,9,TT
2016,11,14,10,TT
2016,11,14,11,TT
2016,11,14,12,TT
2016,11,14,13,TT
2016,11,14,14,TT
2016,11,14,15,TT
2016,11,14,16,TT
2016,11,14,17,TT
2016,11,14,18,TT
2016,11,14,19,TT
2016,11,14,20,TT
2016,11,14,21,TT
2016,11,14,22,TT
2016,11,14,23,TT
2016,11,15,0,TT
2016,11,15,1,TT
2016,11,15,2,TT
2016,11,15,3,TT
2016,11,15,4,TT
2016,11,15,5,TT
2016,11,15,6,TT
2016,11,15,7,TT
2016,11,15,8,TT
2016,11,15,9,TT
2016,11,15,10,TT
2016,11,15,11,TT
2016,11,15,12,TT
2016,11,15,13,TT
2016,11,15,14,TT
2016,11,15,15,TT
2016,11,15,16,TT
2016,11,15,17,TT
2016,11,15,18,TT
2016,11,15,19,TT
2016,11,15,20,TT
2016,11,15,21,TT
2016,11,15,22,TT
2016,11,15,23,TT
2016,11,16,0,TT
2016,11,16,1,TT
2016,11,16,2,TT
2016,11,16,3,TT
2016,11,16,4,TT
2016,11,16,5,TT
2016,11,16,6,TT
2016,11,16,7,TT
2016,11,16,8,TT
2016,11,16,9,TT
2016,11,16,10,TT
2016,11,16,11,TT
2016,11,16,12,TT
2016,11,16,13,TT
2016,11,16,14,TT
2016,11,16,15,TT
2016,11,16,16,TT
2016,11,16,17,TT
2016,11,16,18,TT
2016,11,16,19,TT
2016,11,16,20,TT
2016,11,16,21,TT
2016,11,16,22,TT
2016,11,16,23,TT
2016,11,17,0,TT
2016,11,17,1,TT
2016,11,17,2,TT
2016,11,17,3,TT
2016,11,17,4,TT
2016,11,17,5,TT
2016,11,17,6,TT
2016,11,17,7,TT
2016,11,17,8,TT
2016,11,17,9,TT
2016,11,17,10,TT
2016,11,17,11,TT
2016,11,17,12,TT
2016,11,17,13,TT
2016,11,17,14,TT
2016,11,17,15,TT
2016,11,17,16,TT
2016,11,17,17,TT
2016,11,17,18,TT
2016,11,17,19,TT
2016,11,17,20,TT
2016,11,17,21,TT
2016,11,17,22,TT
2016,11,17,23,TT
2016,11,18,0,TT
2016,11,18,1,TT
2016,11,18,2,TT
2016,11,18,3,TT
2016,11,18,4,TT
2016,11,18,5,TT
2016,11,18,6,TT
2016,11,18,7,TT
2016,11,18,8,TT
2016,11,18,9,TT
2016,11,18,10,TT
2016,11,18,11,TT
2016,11,18,12,TT
2016,11,18,13,TT
2016,11,18,14,TT
2016,11,18,15,TT
2016,11,18,16,TT
2016,11,18,17,TT
2016,11,18,18,TT
2016,11,18,19,TT
2016,11,18,20,TT
2016,11,18,21,TT
2016,11,18,22,TT
2016,11,18,23,TT
2016,11,19,0,TT
2016,11,19,1,TT
2016,11,19,2,TT
2016,11,19,3,TT
2016,11,19,4,TT
2016,11,19,5,TT
2016,11,19,6,TT
2016,11,19,7,TT
2016,11,19,8,TT
2016,11,19,9,TT
2016,11,19,10,TT
2016,11,19,11,TT
2016,11,19,12,TT
2016,11,19,13,TT
2016,11,19,14,TT
2016,11,19,15,TT
2016,11,19,16,TT
2016,11,19,17,TT
2016,11,19,18,TT
2016,11,19,19,TT
2016,11,19,20,TT
2016,11,19,21,TT
2016,11,19,22,TT
2016,11,19,23,TT
2016,11,20,0,TT
2016,11,20,1,TT
2016,11,20,2,TT
2016,11,20,3,TT
2016,11,20,4,TT
2016,11,20,5,TT
2016,11,20,6,TT
2016,11,20,7,TT
2016,11,20,8,TT
2016,11,20,9,TT
2016,11,20,10,TT
2016,11,20,11,TT
2016,11,20,12,TT
2016,11,20,13,TT
2016,11,20,14,TT
2016,11,20,15,TT
2016,11,20,16,TT
2016,11,20,17,TT
2016,11,20,18,TT
2016,11,20,19,TT
2016,11,20,20,TT
2016,11,20,21,TT
2016,11,20,22,TT
2016,11,20,23,TT
2016,11,21,0,TT
2016,11,21,1,TT
2016,11,21,2,TT
2016,11,21,3,TT
2016,11,21,4,TT
2016,11,21,5,TT
2016,11,21,6,TT
2016,11,21,7,TT
2016,11,21,8,TT
2016,11,21,9,TT
2016,11,21,10,TT
2016,11,21,11,TT
2016,11,21,12,TT
2016,11,21,13,TT
2016,11,21,14,TT
2016,11,21,15,TT
2016,11,21,16,TT
2016,11,21,17,TT
2016,11,21,18,TT
2016,11,21,19,TT
2016,11,21,20,TT
2016,11,21,21,TT
2016,11,21,22,TT
2016,11,21,23,TT
2016,11,22,0,TT
2016,11,22,1,TT
2016,11,22,2,TT
2016,11,22,3,TT
2016,11,22,4,TT
2016,11,22,5,TT
2016,11,22,6,TT
2016,11,22,7,TT
2016,11,22,8,TT
2016,11,22,9,TT
2016,11,22,10,TT
2016,11,22,11,TT
2016,11,22,12,TT
2016,11,22,13,TT
2016,11,22,14,TT
2016,11,22,15,TT
2016,11,22,16,TT
2016,11,22,17,TT
2016,11,22,18,TT
2016,11,22,19,TT
2016,11,22,20,TT
2016,11,22,21,TT
2016,11,22,22,TT
2016,11,22,23,TT
2016,11,23,0,TT
2016,11,23,1,TT
2016,11,23,2,TT
2016,11,23,3,TT
2016,11,23,4,TT
2016,11,23,5,TT
2016,11,23,6,TT
2016,11,23,7,TT
2016,11,23,8,TT
2016,11,23,9,TT
2016,11,23,10,TT
2016,11,23,11,TT
2016,11,23,12,TT
2016,11,23,13,TT
2016,11,23,14,TT
2016,11,23,15,TT
2016,11,23,16,TT
2016,11,23,17,TT
2016,11,23,18,TT
2016,11,23,19,TT
2016,11,23,20,TT
2016,11,23,21,TT
2016,11,23,22,TT
2016,11,23,23,TT
2016,11,24,0,TT
2016,11,24,1,TT
2016,11,24,2,TT
2016,11,24,3,TT
2016,11,24,4,TT
2016,11,24,5,TT
2016,11,24,6,TT
2016,11,24,7,TT
2016,11,24,8,TT
2016,11,24,9,TT
2016,11,24,10,TT
2016,11,24,11,TT
2016,11,24,12,TT
2016,11,24,13,TT
2016,11,24,14,TT
2016,11,24,15,TT
2016,11,24,16,TT
2016,11,24,17,TT
2016,11,24,18,TT
2016,11,24,19,TT
2016,11,24,20,TT
2016,11,24,21,TT
2016,11,24,22,TT
2016,11,24,23,TT
2016,11,25,0,TT
2016,11,25,1,TT
2016,11,25,2,TT
2016,11,25,3,TT
2016,11,25,4,TT
2016,11,25,5,TT
2016,11,25,6,TT
2016,11,25,7,TT
2016,11,25,8,TT
2016,11,25,9,TT
2016,11,25,10,TT
2016,11,25,11,TT
2016,11,25,12,TT
2016,11,25,13,TT
2016,11,25,14,TT
2016,11,25,15,TT
2016,11,25,16,TT
2016,11,25,17,TT
2016,11,25,18,TT
2016,11,25,19,TT
2016,11,25,20,TT
2016,11,25,21,TT
2016,11,25,22,TT
2016,11,25,23,TT
2016,11,26,0,TT
2016,11,26,1,TT
2016,11,26,2,TT
2016,11,26,3,TT
2016,11,26,4,TT
2016,11,26,5,TT
2016,11,26,6,TT
2016,11,26,7,TT
2016,11,26,8,TT
2016,11,26,9,TT
2016,11,26,10,TT
2016,11,26,11,TT
2016,11,26,12,TT
2016,11,26,13,TT
2016,11,26,14,TT
2016,11,26,15,TT
2016,11,26,16,TT
2016,11,26,17,TT
2016,11,26,18,TT
2016,11,26,19,TT
2016,11,26,20,TT
2016,11,26,21,TT
2016,11,26,22,TT
2016,11,26,23,TT
2016,11,27,0,TT
2016,11,27,1,TT
2016,11,27,2,TT
2016,11,27,3,TT
2016,11,27,4,TT
2016,11,27,5,TT
2016,11,27,6,TT
2016,11,27,7,TT
2016,11,27,8,TT
2016,11,27,9,TT
2016,11,27,10,TT
2016,11,27,11,TT
2016,11,27,12,TT
2016,11,27,13,TT
2016,11,27,14,TT
2016,11,27,15,TT
2016,11,27,16,TT
2016,11,27,17,TT
2016,11,27,18,TT
2016,11,27,19,TT
2016,11,27,20,TT
2016,11,27,21,TT
2016,11,27,22,TT
2016,11,27,23,TT
