year,month,day,hour,priority
2016,11,28,0,0
2016,11,28,1,0
2016,11,28,2,0
2016,11,28,3,0
2016,11,28,4,0
2016,11,28,5,0
2016,11,28,6,0
2016,11,28,7,0
2016,11,28,8,0
2016,11,28,9,0
2016,11,28,10,0
2016,11,28,11,0
2016,11,28,12,0
2016,11,28,13,0
2016,11,28,14,0
2016,11,28,15,0
2016,11,28,16,0
2016,11,28,17,0
2016,11,28,18,0
2016,11,28,19,0
2016,11,28,20,0
2016,11,28,21,0
2016,11,28,22,0
2016,11,28,23,0
2016,11,29,0,0
2016,11,29,1,0
2016,11,29,2,0
2016,11,29,3,0
2016,11,29,4,0
2016,11,29,5,0
2016,11,29,6,0
2016,11,29,7,0
2016,11,29,8,0
2016,11,29,9,0
2016,11,29,10,0
2016,11,29,11,0
2016,11,29,12,0
2016,11,29,13,0
2016,11,29,14,0
2016,11,29,15,0
2016,11,29,16,0
2016,11,29,17,0
2016,11,29,18,0
2016,11,29,19,0
2016,11,29,20,0
2016,11,29,21,0
2016,11,29,22,0
2016,11,29,23,0
2016,11,30,0,0
2016,11,30,1,0
2016,11,30,2,0
2016,11,30,3,0
2016,11,30,4,0
2016,11,30,5,0
2016,11,30,6,0
2016,11,30,7,0
2016,11,30,8,0
2016,11,30,9,0
2016,11,30,10,0
2016,11,30,11,0
2016,11,30,12,0
2016,11,30,13,0
2016,11,30,14,0
2016,11,30,15,0
2016,11,30,16,0
2016,11,30,17,0
2016,11,30,18,0
2016,11,30,19,0
2016,11,30,20,0
2016,11,30,21,0
2016,11,30,22,0
2016,11,30,23,0
2016,11,1,0,0
2016,11,1,1,0
2016,11,1,2,0
2016,11,1,3,0
2016,11,1,4,0
2016,11,1,5,0
2016,11,1,6,0
2016,11,1,7,0
2016,11,1,8,0
2016,11,1,9,0
2016,11,1,10,0
2016,11,1,11,0
2016,11,1,12,0
2016,11,1,13,0
2016,11,1,14,0
2016,11,1,15,0
2016,11,1,16,0
2016,11,1,17,0
2016,11,1,18,0
2016,11,1,19,0
2016,11,1,20,0
2016,11,1,21,0
2016,11,1,22,0
2016,11,1,23,0
2016,11,2,0,0
2016,11,2,1,0
2016,11,2,2,0
2016,11,2,3,0
2016,11,2,4,0
2016,11,2,5,0
2016,11,2,6,0
2016,11,2,7,0
2016,11,2,8,0
2016,11,2,9,0
2016,11,2,10,0
2016,11,2,11,0
2016,11,2,12,0
2016,11,2,13,0
2016,11,2,14,0
2016,11,2,15,0
2016,11,2,16,0
2016,11,2,17,0
2016,11,2,18,0
2016,11,2,19,0
2016,11,2,20,0
2016,11,2,21,0
2016,11,2,22,0
2016,11,2,23,0
2016,11,3,0,0
2016,11,3,1,0
2016,11,3,2,0
2016,11,3,3,0
2016,11,3,4,0
2016,11,3,5,0
2016,11,3,6,0
2016,11,3,7,0
2016,11,3,8,0
2016,11,3,9,0
2016,11,3,10,0
2016,11,3,11,0
2016,11,3,12,0
2016,11,3,13,0
2016,11,3,14,0
2016,11,3,15,0
2016,11,3,16,0
2016,11,3,17,0
2016,11,3,18,0
2016,11,3,19,0
2016,11,3,20,0
2016,11,3,21,0
2016,11,3,22,0
2016,11,3,23,0
2016,11,4,0,0
2016,11,4,1,0
2016,11,4,2,0
2016,11,4,3,0
2016,11,4,4,0
2016,11,4,5,0
2016,11,4,6,0
2016,11,4,7,0
2016,11,4,8,0
2016,11,4,9,0
2016,11,4,10,0
2016,11,4,11,0
2016,11,4,12,0
2016,11,4,13,0
2016,11,4,14,0
2016,11,4,15,0
2016,11,4,16,0
2016,11,4,17,0
2016,11,4,18,0
2016,11,4,19,0
2016,11,4,20,0
2016,11,4,21,0
2016,11,4,22,0
2016,11,4,23,0
2016,11,5,0,0
2016,11,5,1,0
2016,11,5,2,0
2016,11,5,3,0
2016,11,5,4,0
2016,11,5,5,0
2016,11,5,6,0
2016,11,5,7,0
2016,11,5,8,0
2016,11,5,9,0
2016,11,5,10,0
2016,11,5,11,0
2016,11,5,12,0
2016,11,5,13,0
2016,11,5,14,0
2016,11,5,15,0
2016,11,5,16,0
2016,11,5,17,0
2016,11,5,18,0
2016,11,5,19,0
2016,11,5,20,0
2016,11,5,21,0
2016,11,5,22,0
2016,11,5,23,0
2016,11,6,0,0
2016,11,6,1,0
2016,11,6,2,0
2016,11,6,3,0
2016,11,6,4,0
2016,11,6,5,0
2016,11,6,6,0
2016,11,6,7,0
2016,11,6,8,0
2016,11,6,9,0
2016,11,6,10,0
2016,11,6,11,0
2016,11,6,12,0
2016,11,6,13,0
2016,11,6,14,0
2016,11,6,15,0
2016,11,6,16,0
2016,11,6,17,0
2016,11,6,18,0
2016,11,6,19,0
2016,11,6,20,0
2016,11,6,21,0
2016,11,6,22,0
2016,11,6,23,0
2016,11,7,0,0
2016,11,7,1,0
2016,11,7,2,0
2016,11,7,3,0
2016,11,7,4,0
2016,11,7,5,0
2016,11,7,6,0
2016,11,7,7,0
2016,11,7,8,0
2016,11,7,9,0
2016,11,7,10,0
2016,11,7,11,0
2016,11,7,12,0
2016,11,7,13,0
2016,11,7,14,0
2016,11,7,15,0
2016,11,7,16,0
2016,11,7,17,0
2016,11,7,18,0
2016,11,7,19,0
2016,11,7,20,0
2016,11,7,21,0
2016,11,7,22,0
2016,11,7,23,0
2016,11,8,0,0
2016,11,8,1,0
2016,11,8,2,0
2016,11,8,3,0
2016,11,8,4,0
2016,11,8,5,0
2016,11,8,6,0
2016,11,8,7,0
2016,11,8,8,0
2016,11,8,9,0
2016,11,8,10,0
2016,11,8,11,0
2016,11,8,12,0
2016,11,8,13,0
2016,11,8,14,0
2016,11,8,15,0
2016,11,8,16,0
2016,11,8,17,0
2016,11,8,18,0
2016,11,8,19,0
2016,11,8,20,0
2016,11,8,21,0
2016,11,8,22,0
2016,11,8,23,0
2016,11,9,0,0
2016,11,9,1,0
2016,11,9,2,0
2016,11,9,3,0
2016,11,9,4,0
2016,11,9,5,0
2016,11,9,6,0
2016,11,9,7,0
2016,11,9,8,0
2016,11,9,9,0
2016,11,9,10,0
2016,11,9,11,0
2016,11,9,12,0
2016,11,9,13,0
2016,11,9,14,0
2016,11,9,15,0
2016,11,9,16,0
2016,11,9,17,0
2016,11,9,18,0
2016,11,9,19,0
2016,11,9,20,0
2016,11,9,21,0
2016,11,9,22,0
2016,11,9,23,0
2016,11,10,0,0
2016,11,10,1,0
2016,11,10,2,0
2016,11,10,3,0
2016,11,10,4,0
2016,11,10,5,0
2016,11,10,6,0
2016,11,10,7,0
2016,11,10,8,0
2016,11,10,9,0
2016,11,10,10,0
2016,11,10,11,0
2016,11,10,12,0
2016,11,10,13,0
2016,11,10,14,0
2016,11,10,15,0
2016,11,10,16,0
2016,11,10,17,0
2016,11,10,18,0
2016,11,10,19,0
2016,11,10,20,0
2016,11,10,21,0
2016,11,10,22,0
2016,11,10,23,0
2016,11,11,0,0
2016,11,11,1,0
2016,11,11,2,0
2016,11,11,3,0
2016,11,11,4,0
2016,11,11,5,0
2016,11,11,6,0
2016,11,11,7,0
2016,11,11,8,0
2016,11,11,9,0
2016,11,11,10,0
2016,11,11,11,0
2016,11,11,12,0
2016,11,11,13,0
2016,11,11,14,0
2016,11,11,15,0
2016,11,11,16,0
2016,11,11,17,0
2016,11,11,18,0
2016,11,11,19,0
2016,11,11,20,0
2016,11,11,21,0
2016,11,11,22,0
2016,11,11,23,0
2016,11,12,0,0
2016,11,12,1,0
2016,11,12,2,0
2016,11,12,3,0
2016,11,12,4,0
2016,11,12,5,0
2016,11,12,6,0
2016,11,12,7,0
2016,11,12,8,0
2016,11,12,9,0
2016,11,12,10,0
2016,11,12,11,0
2016,11,12,12,0
2016,11,12,13,0
2016,11,12,14,0
2016,11,12,15,0
2016,11,12,16,0
2016,11,12,17,0
2016,11,12,18,0
2016,11,12,19,0
2016,11,12,20,0
2016,11,12,21,0
2016,11,12,22,0
2016,11,12,23,0
2016,11,13,0,0
2016,11,13,1,0
2016,11,13,2,0
2016,11,13,3,0
2016,11,13,4,0
2016,11,13,5,0
2016,11,13,6,0
2016,11,13,7,0
2016,11,13,8,0
2016,11,13,9,0
2016,11,13,10,0
2016,11,13,11,0
2016,11,13,12,0
2016,11,13,13,0
2016,11,13,14,0
2016,11,13,15,0
2016,11,13,16,0
2016,11,13,17,0
2016,11,13,18,0
2016,11,13,19,0
2016,11,13,20,0
2016,11,13,21,0
2016,11,13,22,0
2016,11,13,23,0
2016,11,14,0,0
2016,11,14,1,0
2016,11,14,2,0
2016,11,14,3,0
2016,11,14,4,0
2016,11,14,5,0
2016,11,14,6,0
2016,11,14,7,0
2016,11,14,8,0
2016,11,14,9,0
2016,11,14,10,0
2016,11,14,11,0
2016,11,14,12,0
2016,11,14,13,0
2016,11,14,14,0
2016,11,14,15,0
2016,11,14,16,0
2016,11,14,17,0
2016,11,14,18,0
2016,11,14,19,0
2016,11,14,20,0
2016,11,14,21,0
2016,11,14,22,0
2016,11,14,23,0
2016,11,15,0,0
2016,11,15,1,0
2016,11,15,2,0
2016,11,15,3,0
2016,11,15,4,0
2016,11,15,5,0
2016,11,15,6,0
2016,11,15,7,0
2016,11,15,8,0
2016,11,15,9,0
2016,11,15,10,0
2016,11,15,11,0
2016,11,15,12,0
2016,11,15,13,0
2016,11,15,14,0
2016,11,15,15,0
2016,11,15,16,0
2016,11,15,17,0
2016,11,15,18,0
2016,11,15,19,0
2016,11,15,20,0
2016,11,15,21,0
2016,11,15,22,0
2016,11,15,23,0
2016,11,16,0,0
2016,11,16,1,0
2016,11,16,2,0
2016,11,16,3,0
2016,11,16,4,0
2016,11,16,5,0
2016,11,16,6,0
2016,11,16,7,0
2016,11,16,8,0
2016,11,16,9,0
2016,11,16,10,0
2016,11,16,11,0
2016,11,16,12,0
2016,11,16,13,0
2016,11,16,14,0
2016,11,16,15,0
2016,11,16,16,0
2016,11,16,17,0
2016,11,16,18,0
2016,11,16,19,0
2016,11,16,20,0
2016,11,16,21,0
2016,11,16,22,0
2016,11,16,23,0
2016,11,17,0,0
2016,11,17,1,0
2016,11,17,2,0
2016,11,17,3,0
2016,11,17,4,0
2016,11,17,5,0
2016,11,17,6,0
2016,11,17,7,0
2016,11,17,8,0
2016,11,17,9,0
2016,11,17,10,0
2016,11,17,11,0
2016,11,17,12,0
2016,11,17,13,0
2016,11,17,14,0
2016,11,17,15,0
2016,11,17,16,0
2016,11,17,17,0
2016,11,17,18,0
2016,11,17,19,0
2016,11,17,20,0
2016,11,17,21,0
2016,11,17,22,0
2016,11,17,23,0
2016,11,18,0,0
2016,11,18,1,0
2016,11,18,2,0
2016,11,18,3,0
2016,11,18,4,0
2016,11,18,5,0
2016,11,18,6,0
2016,11,18,7,0
2016,11,18,8,0
2016,11,18,9,0
2016,11,18,10,0
2016,11,18,11,0
2016,11,18,12,0
2016,11,18,13,0
2016,11,18,14,0
2016,11,18,15,0
2016,11,18,16,0
2016,11,18,17,0
2016,11,18,18,0
2016,11,18,19,0
2016,11,18,20,0
2016,11,18,21,0
2016,11,18,22,0
2016,11,18,23,0
2016,11,19,0,0
2016,11,19,1,0
2016,11,19,2,0
2016,11,19,3,0
2016,11,19,4,0
2016,11,19,5,0
2016,11,19,6,0
2016,11,19,7,0
2016,11,19,8,0
2016,11,19,9,0
2016,11,19,10,0
2016,11,19,11,0
2016,11,19,12,0
2016,11,19,13,0
2016,11,19,14,0
2016,11,19,15,0
2016,11,19,16,0
2016,11,19,17,0
2016,11,19,18,0
2016,11,19,19,0
2016,11,19,20,0
2016,11,19,21,0
2016,11,19,22,0
2016,11,19,23,0
2016,11,20,0,0
2016,11,20,1,0
2016,11,20,2,0
2016,11,20,3,0
2016,11,20,4,0
2016,11,20,5,0
2016,11,20,6,0
2016,11,20,7,0
2016,11,20,8,0
2016,11,20,9,0
2016,11,20,10,0
2016,11,20,11,0
2016,11,20,12,0
2016,11,20,13,0
2016,11,20,14,0
2016,11,20,15,0
2016,11,20,16,0
2016,11,20,17,0
2016,11,20,18,0
2016,11,20,19,0
2016,11,20,20,0
2016,11,20,21,0
2016,11,20,22,0
2016,11,20,23,0
2016,11,21,0,0
2016,11,21,1,0
2016,11,21,2,0
2016,11,21,3,0
2016,11,21,4,0
2016,11,21,5,0
2016,11,21,6,0
2016,11,21,7,0
2016,11,21,8,0
2016,11,21,9,0
2016,11,21,10,0
2016,11,21,11,0
2016,11,21,12,0
2016,11,21,13,0
2016,11,21,14,0
2016,11,21,15,0
2016,11,21,16,0
2016,11,21,17,0
2016,11,21,18,0
2016,11,21,19,0
2016,11,21,20,0
2016,11,21,21,0
2016,11,21,22,0
2016,11,21,23,0
2016,11,22,0,0
2016,11,22,1,0
2016,11,22,2,0
2016,11,22,3,0
2016,11,22,4,0
2016,11,22,5,0
2016,11,22,6,0
2016,11,22,7,0
2016,11,22,8,0
2016,11,22,9,0
2016,11,22,10,0
2016,11,22,11,0
2016,11,22,12,0
2016,11,22,13,0
2016,11,22,14,0
2016,11,22,15,0
2016,11,22,16,0
2016,11,22,17,0
2016,11,22,18,0
2016,11,22,19,0
2016,11,22,20,0
2016,11,22,21,0
2016,11,22,22,0
2016,11,22,23,0
2016,11,23,0,0
2016,11,23,1,0
2016,11,23,2,0
2016,11,23,3,0
2016,11,23,4,0
2016,11,23,5,0
2016,11,23,6,0
2016,11,23,7,0
2016,11,23,8,0
2016,11,23,9,0
2016,11,23,10,0
2016,11,23,11,0
2016,11,23,12,0
2016,11,23,13,0
2016,11,23,14,0
2016,11,23,15,0
2016,11,23,16,0
2016,11,23,17,0
2016,11,23,18,0
2016,11,23,19,0
2016,11,23,20,0
2016,11,23,21,0
2016,11,23,22,0
2016,11,23,23,0
2016,11,24,0,0
2016,11,24,1,0
2016,11,24,2,0
2016,11,24,3,0
2016,11,24,4,0
2016,11,24,5,0
2016,11,24,6,0
2016,11,24,7,0
2016,11,24,8,0
2016,11,24,9,0
2016,11,24,10,0
2016,11,24,11,0
2016,11,24,12,0
2016,11,24,13,0
2016,11,24,14,0
2016,11,24,15,0
2016,11,24,16,0
2016,11,24,17,0
2016,11,24,18,0
2016,11,24,19,0
2016,11,24,20,0
2016,11,24,21,0
2016,11,24,22,0
2016,11,24,23,0
2016,11,25,0,0
2016,11,25,1,0
2016,11,25,2,0
2016,11,25,3,0
2016,11,25,4,0
2016,11,25,5,0
2016,11,25,6,0
2016,11,25,7,0
2016,11,25,8,0
2016,11,25,9,0
2016,11,25,10,0
2016,11,25,11,0
2016,11,25,12,0
2016,11,25,13,0
2016,11,25,14,0
2016,11,25,15,0
2016,11,25,16,0
2016,11,25,17,0
2016,11,25,18,0
2016,11,25,19,0
2016,11,25,20,0
2016,11,25,21,0
2016,11,25,22,0
2016,11,25,23,0
2016,11,26,0,0
2016,11,26,1,0
2016,11,26,2,0
2016,11,26,3,0
2016,11,26,4,0
2016,11,26,5,0
2016,11,26,6,0
2016,11,26,7,0
2016,11,26,8,0
2016,11,26,9,0
2016,11,26,10,0
2016,11,26,11,0
2016,11,26,12,0
2016,11,26,13,0
2016,11,26,14,0
2016,11,26,15,0
2016,11,26,16,0
2016,11,26,17,0
2016,11,26,18,0
2016,11,26,19,0
2016,11,26,20,0
2016,11,26,21,0
2016,11,26,22,0
2016,11,26,23,0
2016,11,27,0,0
2016,11,27,1,0
2016,11,27,2,0
2016,11,27,3,0
2016,11,27,4,0
2016,11,27,5,0
2016,11,27,6,0
2016,11,27,7,0
2016,11,27,8,0
2016,11,27,9,0
2016,11,27,10,0
2016,11,27,11,0
2016,11,27,12,0
2016,11,27,13,0
2016,11,27,14,0
2016,11,27,15,0
2016,11,27,16,0
2016,11,27,17,0
2016,11,27,18,0
2016,11,27,19,0
2016,11,27,20,0
2016,11,27,21,0
2016,11,27,22,0
2016,11,27,23,0
2016,11,28,0,1
2016,11,28,1,1
2016,11,28,2,1
2016,11,28,3,1
2016,11,28,4,1
2016,11,28,5,1
2016,11,28,6,1
2016,11,28,7,1
2016,11,28,8,1
2016,11,28,9,1
2016,11,28,10,1
2016,11,28,11,1
2016,11,28,12,1
2016,11,28,13,1
2016,11,28,14,1
2016,11,28,15,1
2016,11,28,16,1
2016,11,28,17,1
2016,11,28,18,1
2016,11,28,19,1
2016,11,28,20,1
2016,11,28,21,1
2016,11,28,22,1
2016,11,28,23,1
2016,11,29,0,1
2016,11,29,1,1
2016,11,29,2,1
2016,11,29,3,1
2016,11,29,4,1
2016,11,29,5,1
2016,11,29,6,1
2016,11,29,7,1
2016,11,29,8,1
2016,11,29,9,1
2016,11,29,10,1
2016,11,29,11,1
2016,11,29,12,1
2016,11,29,13,1
2016,11,29,14,1
2016,11,29,15,1
2016,11,29,16,1
2016,11,29,17,1
2016,11,29,18,1
2016,11,29,19,1
2016,11,29,20,1
2016,11,29,21,1
2016,11,29,22,1
2016,11,29,23,1
2016,11,30,0,1
2016,11,30,1,1
2016,11,30,2,1
2016,11,30,3,1
2016,11,30,4,1
2016,11,30,5,1
2016,11,30,6,1
2016,11,30,7,1
2016,11,30,8,1
2016,11,30,9,1
2016,11,30,10,1
2016,11,30,11,1
2016,11,30,12,1
2016,11,30,13,1
2016,11,30,14,1
2016,11,30,15,1
2016,11,30,16,1
2016,11,30,17,1
2016,11,30,18,1
2016,11,30,19,1
2016,11,30,20,1
2016,11,30,21,1
2016,11,30,22,1
2016,11,30,23,1
2016,11,1,0,1
2016,11,1,1,1
2016,11,1,2,1
2016,11,1,3,1
2016,11,1,4,1
2016,11,1,5,1
2016,11,1,6,1
2016,11,1,7,1
2016,11,1,8,1
2016,11,1,9,1
2016,11,1,10,1
2016,11,1,11,1
2016,11,1,12,1
2016,11,1,13,1
2016,11,1,14,1
2016,11,1,15,1
2016,11,1,16,1
2016,11,1,17,1
2016,11,1,18,1
2016,11,1,19,1
2016,11,1,20,1
2016,11,1,21,1
2016,11,1,22,1
2016,11,1,23,1
2016,11,2,0,1
2016,11,2,1,1
2016,11,2,2,1
2016,11,2,3,1
2016,11,2,4,1
2016,11,2,5,1
2016,11,2,6,1
2016,11,2,7,1
2016,11,2,8,1
2016,11,2,9,1
2016,11,2,10,1
2016,11,2,11,1
2016,11,2,12,1
2016,11,2,13,1
2016,11,2,14,1
2016,11,2,15,1
2016,11,2,16,1
2016,11,2,17,1
2016,11,2,18,1
2016,11,2,19,1
2016,11,2,20,1
2016,11,2,21,1
2016,11,2,22,1
2016,11,2,23,1
2016,11,3,0,1
2016,11,3,1,1
2016,11,3,2,1
2016,11,3,3,1
2016,11,3,4,1
2016,11,3,5,1
2016,11,3,6,1
2016,11,3,7,1
2016,11,3,8,1
2016,11,3,9,1
2016,11,3,10,1
2016,11,3,11,1
2016,11,3,12,1
2016,11,3,13,1
2016,11,3,14,1
2016,11,3,15,1
2016,11,3,16,1
2016,11,3,17,1
2016,11,3,18,1
2016,11,3,19,1
2016,11,3,20,1
2016,11,3,21,1
2016,11,3,22,1
2016,11,3,23,1
2016,11,4,0,1
2016,11,4,1,1
2016,11,4,2,1
2016,11,4,3,1
2016,11,4,4,1
2016,11,4,5,1
2016,11,4,6,1
2016,11,4,7,1
2016,11,4,8,1
2016,11,4,9,1
2016,11,4,10,1
2016,11,4,11,1
2016,11,4,12,1
2016,11,4,13,1
2016,11,4,14,1
2016,11,4,15,1
2016,11,4,16,1
2016,11,4,17,1
2016,11,4,18,1
2016,11,4,19,1
2016,11,4,20,1
2016,11,4,21,1
2016,11,4,22,1
2016,11,4,23,1
2016,11,5,0,1
2016,11,5,1,1
2016,11,5,2,1
2016,11,5,3,1
2016,11,5,4,1
2016,11,5,5,1
2016,11,5,6,1
2016,11,5,7,1
2016,11,5,8,1
2016,11,5,9,1
2016,11,5,10,1
2016,11,5,11,1
2016,11,5,12,1
2016,11,5,13,1
2016,11,5,14,1
2016,11,5,15,1
2016,11,5,16,1
2016,11,5,17,1
2016,11,5,18,1
2016,11,5,19,1
2016,11,5,20,1
2016,11,5,21,1
2016,11,5,22,1
2016,11,5,23,1
2016,11,6,0,1
2016,11,6,1,1
2016,11,6,2,1
2016,11,6,3,1
2016,11,6,4,1
2016,11,6,5,1
2016,11,6,6,1
2016,11,6,7,1
2016,11,6,8,1
2016,11,6,9,1
2016,11,6,10,1
2016,11,6,11,1
2016,11,6,12,1
2016,11,6,13,1
2016,11,6,14,1
2016,11,6,15,1
2016,11,6,16,1
2016,11,6,17,1
2016,11,6,18,1
2016,11,6,19,1
2016,11,6,20,1
2016,11,6,21,1
2016,11,6,22,1
2016,11,6,23,1
2016,11,7,0,1
2016,11,7,1,1
2016,11,7,2,1
2016,11,7,3,1
2016,11,7,4,1
2016,11,7,5,1
2016,11,7,6,1
2016,11,7,7,1
2016,11,7,8,1
2016,11,7,9,1
2016,11,7,10,1
2016,11,7,11,1
2016,11,7,12,1
2016,11,7,13,1
2016,11,7,14,1
2016,11,7,15,1
2016,11,7,16,1
2016,11,7,17,1
2016,11,7,18,1
2016,11,7,19,1
2016,11,7,20,1
2016,11,7,21,1
2016,11,7,22,1
2016,11,7,23,1
2016,11,8,0,1
2016,11,8,1,1
2016,11,8,2,1
2016,11,8,3,1
2016,11,8,4,1
2016,11,8,5,1
2016,11,8,6,1
2016,11,8,7,1
2016,11,8,8,1
2016,11,8,9,1
2016,11,8,10,1
2016,11,8,11,1
2016,11,8,12,1
2016,11,8,13,1
2016,11,8,14,1
2016,11,8,15,1
2016,11,8,16,1
2016,11,8,17,1
2016,11,8,18,1
2016,11,8,19,1
2016,11,8,20,1
2016,11,8,21,1
2016,11,8,22,1
2016,11,8,23,1
2016,11,9,0,1
2016,11,9,1,1
2016,11,9,2,1
2016,11,9,3,1
2016,11,9,4,1
2016,11,9,5,1
2016,11,9,6,1
2016,11,9,7,1
2016,11,9,8,1
2016,11,9,9,1
2016,11,9,10,1
2016,11,9,11,1
2016,11,9,12,1
2016,11,9,13,1
2016,11,9,14,1
2016,11,9,15,1
2016,11,9,16,1
2016,11,9,17,1
2016,11,9,18,1
2016,11,9,19,1
2016,11,9,20,1
2016,11,9,21,1
2016,11,9,22,1
2016,11,9,23,1
2016,11,10,0,1
2016,11,10,1,1
2016,11,10,2,1
2016,11,10,3,1
2016,11,10,4,1
2016,11,10,5,1
2016,11,10,6,1
2016,11,10,7,1
2016,11,10,8,1
2016,11,10,9,1
2016,11,10,10,1
2016,11,10,11,1
2016,11,10,12,1
2016,11,10,13,1
2016,11,10,14,1
2016,11,10,15,1
2016,11,10,16,1
2016,11,10,17,1
2016,11,10,18,1
2016,11,10,19,1
2016,11,10,20,1
2016,11,10,21,1
2016,11,10,22,1
2016,11,10,23,1
2016,11,11,0,1
2016,11,11,1,1
2016,11,11,2,1
2016,11,11,3,1
2016,11,11,4,1
2016,11,11,5,1
2016,11,11,6,1
2016,11,11,7,1
2016,11,11,8,1
2016,11,11,9,1
2016,11,11,10,1
2016,11,11,11,1
2016,11,11,12,1
2016,11,11,13,1
2016,11,11,14,1
2016,11,11,15,1
2016,11,11,16,1
2016,11,11,17,1
2016,11,11,18,1
2016,11,11,19,1
2016,11,11,20,1
2016,11,11,21,1
2016,11,11,22,1
2016,11,11,23,1
2016,11,12,0,1
2016,11,12,1,1
2016,11,12,2,1
2016,11,12,3,1
2016,11,12,4,1
2016,11,12,5,1
2016,11,12,6,1
2016,11,12,7,1
2016,11,12,8,1
2016,11,12,9,1
2016,11,12,10,1
2016,11,12,11,1
2016,11,12,12,1
2016,11,12,13,1
2016,11,12,14,1
2016,11,12,15,1
2016,11,12,16,1
2016,11,12,17,1
2016,11,12,18,1
2016,11,12,19,1
2016,11,12,20,1
2016,11,12,21,1
2016,11,12,22,1
2016,11,12,23,1
2016,11,13,0,1
2016,11,13,1,1
2016,11,13,2,1
2016,11,13,3,1
2016,11,13,4,1
2016,11,13,5,1
2016,11,13,6,1
2016,11,13,7,1
2016,11,13,8,1
2016,11,13,9,1
2016,11,13,10,1
2016,11,13,11,1
2016,11,13,12,1
2016,11,13,13,1
2016,11,13,14,1
2016,11,13,15,1
2016,11,13,16,1
2016,11,13,17,1
2016,11,13,18,1
2016,11,13,19,1
2016,11,13,20,1
2016,11,13,21,1
2016,11,13,22,1
2016,11,13,23,1
2016,11,14,0,1
2016,11,14,1,1
2016,11,14,2,1
2016,11,14,3,1
2016,11,14,4,1
2016,11,14,5,1
2016,11,14,6,1
2016,11,14,7,1
2016,11,14,8,1
2016,11,14,9,1
2016,11,14,10,1
2016,11,14,11,1
2016,11,14,12,1
2016,11,14,13,1
2016,11,14,14,1
2016,11,14,15,1
2016,11,14,16,1
2016,11,14,17,1
2016,11,14,18,1
2016,11,14,19,1
2016,11,14,20,1
2016,11,14,21,1
2016,11,14,22,1
2016,11,14,23,1
2016,11,15,0,1
2016,11,15,1,1
2016,11,15,2,1
2016,11,15,3,1
2016,11,15,4,1
2016,11,15,5,1
2016,11,15,6,1
2016,11,15,7,1
2016,11,15,8,1
2016,11,15,9,1
2016,11,15,10,1
2016,11,15,11,1
2016,11,15,12,1
2016,11,15,13,1
2016,11,15,14,1
2016,11,15,15,1
2016,11,15,16,1
2016,11,15,17,1
2016,11,15,18,1
2016,11,15,19,1
2016,11,15,20,1
2016,11,15,21,1
2016,11,15,22,1
2016,11,15,23,1
2016,11,16,0,1
2016,11,16,1,1
2016,11,16,2,1
2016,11,16,3,1
2016,11,16,4,1
2016,11,16,5,1
2016,11,16,6,1
2016,11,16,7,1
2016,11,16,8,1
2016,11,16,9,1
2016,11,16,10,1
2016,11,16,11,1
2016,11,16,12,1
2016,11,16,13,1
2016,11,16,14,1
2016,11,16,15,1
2016,11,16,16,1
2016,11,16,17,1
2016,11,16,18,1
2016,11,16,19,1
2016,11,16,20,1
2016,11,16,21,1
2016,11,16,22,1
2016,11,16,23,1
2016,11,17,0,1
2016,11,17,1,1
2016,11,17,2,1
2016,11,17,3,1
2016,11,17,4,1
2016,11,17,5,1
2016,11,17,6,1
2016,11,17,7,1
2016,11,17,8,1
2016,11,17,9,1
2016,11,17,10,1
2016,11,17,11,1
2016,11,17,12,1
2016,11,17,13,1
2016,11,17,14,1
2016,11,17,15,1
2016,11,17,16,1
2016,11,17,17,1
2016,11,17,18,1
2016,11,17,19,1
2016,11,17,20,1
2016,11,17,21,1
2016,11,17,22,1
2016,11,17,23,1
2016,11,18,0,1
2016,11,18,1,1
2016,11,18,2,1
2016,11,18,3,1
2016,11,18,4,1
2016,11,18,5,1
2016,11,18,6,1
2016,11,18,7,1
2016,11,18,8,1
2016,11,18,9,1
2016,11,18,10,1
2016,11,18,11,1
2016,11,18,12,1
2016,11,18,13,1
2016,11,18,14,1
2016,11,18,15,1
2016,11,18,16,1
2016,11,18,17,1
2016,11,18,18,1
2016,11,18,19,1
2016,11,18,20,1
2016,11,18,21,1
2016,11,18,22,1
2016,11,18,23,1
2016,11,19,0,1
2016,11,19,1,1
2016,11,19,2,1
2016,11,19,3,1
2016,11,19,4,1
2016,11,19,5,1
2016,11,19,6,1
2016,11,19,7,1
2016,11,19,8,1
2016,11,19,9,1
2016,11,19,10,1
2016,11,19,11,1
2016,11,19,12,1
2016,11,19,13,1
2016,11,19,14,1
2016,11,19,15,1
2016,11,19,16,1
2016,11,19,17,1
2016,11,19,18,1
2016,11,19,19,1
2016,11,19,20,1
2016,11,19,21,1
2016,11,19,22,1
2016,11,19,23,1
2016,11,20,0,1
2016,11,20,1,1
2016,11,20,2,1
2016,11,20,3,1
2016,11,20,4,1
2016,11,20,5,1
2016,11,20,6,1
2016,11,20,7,1
2016,11,20,8,1
2016,11,20,9,1
2016,11,20,10,1
2016,11,20,11,1
2016,11,20,12,1
2016,11,20,13,1
2016,11,20,14,1
2016,11,20,15,1
2016,11,20,16,1
2016,11,20,17,1
2016,11,20,18,1
2016,11,20,19,1
2016,11,20,20,1
2016,11,20,21,1
2016,11,20,22,1
2016,11,20,23,1
2016,11,21,0,1
2016,11,21,1,1
2016,11,21,2,1
2016,11,21,3,1
2016,11,21,4,1
2016,11,21,5,1
2016,11,21,6,1
2016,11,21,7,1
2016,11,21,8,1
2016,11,21,9,1
2016,11,21,10,1
2016,11,21,11,1
2016,11,21,12,1
2016,11,21,13,1
2016,11,21,14,1
2016,11,21,15,1
2016,11,21,16,1
2016,11,21,17,1
2016,11,21,18,1
2016,11,21,19,1
2016,11,21,20,1
2016,11,21,21,1
2016,11,21,22,1
2016,11,21,23,1
2016,11,22,0,1
2016,11,22,1,1
2016,11,22,2,1
2016,11,22,3,1
2016,11,22,4,1
2016,11,22,5,1
2016,11,22,6,1
2016,11,22,7,1
2016,11,22,8,1
2016,11,22,9,1
2016,11,22,10,1
2016,11,22,11,1
2016,11,22,12,1
2016,11,22,13,1
2016,11,22,14,1
2016,11,22,15,1
2016,11,22,16,1
2016,11,22,17,1
2016,11,22,18,1
2016,11,22,19,1
2016,11,22,20,1
2016,11,22,21,1
2016,11,22,22,1
2016,11,22,23,1
2016,11,23,0,1
2016,11,23,1,1
2016,11,23,2,1
2016,11,23,3,1
2016,11,23,4,1
2016,11,23,5,1
2016,11,23,6,1
2016,11,23,7,1
2016,11,23,8,1
2016,11,23,9,1
2016,11,23,10,1
2016,11,23,11,1
2016,11,23,12,1
2016,11,23,13,1
2016,11,23,14,1
2016,11,23,15,1
2016,11,23,16,1
2016,11,23,17,1
2016,11,23,18,1
2016,11,23,19,1
2016,11,23,20,1
2016,11,23,21,1
2016,11,23,22,1
2016,11,23,23,1
2016,11,24,0,1
2016,11,24,1,1
2016,11,24,2,1
2016,11,24,3,1
2016,11,24,4,1
2016,11,24,5,1
2016,11,24,6,1
2016,11,24,7,1
2016,11,24,8,1
2016,11,24,9,1
2016,11,24,10,1
2016,11,24,11,1
2016,11,24,12,1
2016,11,24,13,1
2016,11,24,14,1
2016,11,24,15,1
2016,11,24,16,1
2016,11,24,17,1
2016,11,24,18,1
2016,11,24,19,1
2016,11,24,20,1
2016,11,24,21,1
2016,11,24,22,1
2016,11,24,23,1
2016,11,25,0,1
2016,11,25,1,1
2016,11,25,2,1
2016,11,25,3,1
2016,11,25,4,1
2016,11,25,5,1
2016,11,25,6,1
2016,11,25,7,1
2016,11,25,8,1
2016,11,25,9,1
2016,11,25,10,1
2016,11,25,11,1
2016,11,25,12,1
2016,11,25,13,1
2016,11,25,14,1
2016,11,25,15,1
2016,11,25,16,1
2016,11,25,17,1
2016,11,25,18,1
2016,11,25,19,1
2016,11,25,20,1
2016,11,25,21,1
2016,11,25,22,1
2016,11,25,23,1
2016,11,26,0,1
2016,11,26,1,1
2016,11,26,2,1
2016,11,26,3,1
2016,11,26,4,1
2016,11,26,5,1
2016,11,26,6,1
2016,11,26,7,1
2016,11,26,8,1
2016,11,26,9,1
2016,11,26,10,1
2016,11,26,11,1
2016,11,26,12,1
2016,11,26,13,1
2016,11,26,14,1
2016,11,26,15,1
2016,11,26,16,1
2016,11,26,17,1
2016,11,26,18,1
2016,11,26,19,1
2016,11,26,20,1
2016,11,26,21,1
2016,11,26,22,1
2016,11,26,23,1
2016,11,27,0,1
2016,11,27,1,1
2016,11,27,2,1
2016,11,27,3,1
2016,11,27,4,1
2016,11,27,5,1
2016,11,27,6,1
2016,11,27,7,1
2016,11,27,8,1
2016,11,27,9,1
2016,11,27,10,1
2016,11,27,11,1
2016,11,27,12,1
2016,11,27,13,1
2016,11,27,14,1
2016,11,27,15,1
2016,11,27,16,1
2016,11,27,17,1
2016,11,27,18,1
2016,11,27,19,1
2016,11,27,20,1
2016,11,27,21,1
2016,11,27,22,1
2016,11,27,23,1
2016,11,28,0,2
2016,11,28,1,2
2016,11,28,2,2
2016,11,28,3,2
2016,11,28,4,2
2016,11,28,5,2
2016,11,28,6,2
2016,11,28,7,2
2016,11,28,8,2
2016,11,28,9,2
2016,11,28,10,2
2016,11,28,11,2
2016,11,28,12,2
2016,11,28,13,2
2016,11,28,14,2
2016,11,28,15,2
2016,11,28,16,2
2016,11,28,17,2
2016,11,28,18,2
2016,11,28,19,2
2016,11,28,20,2
2016,11,28,21,2
2016,11,28,22,2
2016,11,28,23,2
2016,11,29,0,2
2016,11,29,1,2
2016,11,29,2,2
2016,11,29,3,2
2016,11,29,4,2
2016,11,29,5,2
2016,11,29,6,2
2016,11,29,7,2
2016,11,29,8,2
2016,11,29,9,2
2016,11,29,10,2
2016,11,29,11,2
2016,11,29,12,2
2016,11,29,13,2
2016,11,29,14,2
2016,11,29,15,2
2016,11,29,16,2
2016,11,29,17,2
2016,11,29,18,2
2016,11,29,19,2
2016,11,29,20,2
2016,11,29,21,2
2016,11,29,22,2
2016,11,29,23,2
2016,11,30,0,2
2016,11,30,1,2
2016,11,30,2,2
2016,11,30,3,2
2016,11,30,4,2
2016,11,30,5,2
2016,11,30,6,2
2016,11,30,7,2
2016,11,30,8,2
2016,11,30,9,2
2016,11,30,10,2
2016,11,30,11,2
2016,11,30,12,2
2016,11,30,13,2
2016,11,30,14,2
2016,11,30,15,2
2016,11,30,16,2
2016,11,30,17,2
2016,11,30,18,2
2016,11,30,19,2
2016,11,30,20,2
2016,11,30,21,2
2016,11,30,22,2
2016,11,30,23,2
2016,11,1,0,2
2016,11,1,1,2
2016,11,1,2,2
2016,11,1,3,2
2016,11,1,4,2
2016,11,1,5,2
2016,11,1,6,2
2016,11,1,7,2
2016,11,1,8,2
2016,11,1,9,2
2016,11,1,10,2
2016,11,1,11,2
2016,11,1,12,2
2016,11,1,13,2
2016,11,1,14,2
2016,11,1,15,2
2016,11,1,16,2
2016,11,1,17,2
2016,11,1,18,2
2016,11,1,19,2
2016,11,1,20,2
2016,11,1,21,2
2016,11,1,22,2
2016,11,1,23,2
2016,11,2,0,2
2016,11,2,1,2
2016,11,2,2,2
2016,11,2,3,2
2016,11,2,4,2
2016,11,2,5,2
2016,11,2,6,2
2016,11,2,7,2
2016,11,2,8,2
2016,11,2,9,2
2016,11,2,10,2
2016,11,2,11,2
2016,11,2,12,2
2016,11,2,13,2
2016,11,2,14,2
2016,11,2,15,2
2016,11,2,16,2
2016,11,2,17,2
2016,11,2,18,2
2016,11,2,19,2
2016,11,2,20,2
2016,11,2,21,2
2016,11,2,22,2
2016,11,2,23,2
2016,11,3,0,2
2016,11,3,1,2
2016,11,3,2,2
2016,11,3,3,2
2016,11,3,4,2
2016,11,3,5,2
2016,11,3,6,2
2016,11,3,7,2
2016,11,3,8,2
2016,11,3,9,2
2016,11,3,10,2
2016,11,3,11,2
2016,11,3,12,2
2016,11,3,13,2
2016,11,3,14,2
2016,11,3,15,2
2016,11,3,16,2
2016,11,3,17,2
2016,11,3,18,2
2016,11,3,19,2
2016,11,3,20,2
2016,11,3,21,2
2016,11,3,22,2
2016,11,3,23,2
2016,11,4,0,2
2016,11,4,1,2
2016,11,4,2,2
2016,11,4,3,2
2016,11,4,4,2
2016,11,4,5,2
2016,11,4,6,2
2016,11,4,7,2
2016,11,4,8,2
2016,11,4,9,2
2016,11,4,10,2
2016,11,4,11,2
2016,11,4,12,2
2016,11,4,13,2
2016,11,4,14,2
2016,11,4,15,2
2016,11,4,16,2
2016,11,4,17,2
2016,11,4,18,2
2016,11,4,19,2
2016,11,4,20,2
2016,11,4,21,2
2016,11,4,22,2
2016,11,4,23,2
2016,11,5,0,2
2016,11,5,1,2
2016,11,5,2,2
2016,11,5,3,2
2016,11,5,4,2
2016,11,5,5,2
2016,11,5,6,2
2016,11,5,7,2
2016,11,5,8,2
2016,11,5,9,2
2016,11,5,10,2
2016,11,5,11,2
2016,11,5,12,2
2016,11,5,13,2
2016,11,5,14,2
2016,11,5,15,2
2016,11,5,16,2
2016,11,5,17,2
2016,11,5,18,2
2016,11,5,19,2
2016,11,5,20,2
2016,11,5,21,2
2016,11,5,22,2
2016,11,5,23,2
2016,11,6,0,2
2016,11,6,1,2
2016,11,6,2,2
2016,11,6,3,2
2016,11,6,4,2
2016,11,6,5,2
2016,11,6,6,2
2016,11,6,7,2
2016,11,6,8,2
2016,11,6,9,2
2016,11,6,10,2
2016,11,6,11,2
2016,11,6,12,2
2016,11,6,13,2
2016,11,6,14,2
2016,11,6,15,2
2016,11,6,16,2
2016,11,6,17,2
2016,11,6,18,2
2016,11,6,19,2
2016,11,6,20,2
2016,11,6,21,2
2016,11,6,22,2
2016,11,6,23,2
2016,11,7,0,2
2016,11,7,1,2
2016,11,7,2,2
2016,11,7,3,2
2016,11,7,4,2
2016,11,7,5,2
2016,11,7,6,2
2016,11,7,7,2
2016,11,7,8,2
2016,11,7,9,2
2016,11,7,10,2
2016,11,7,11,2
2016,11,7,12,2
2016,11,7,13,2
2016,11,7,14,2
2016,11,7,15,2
2016,11,7,16,2
2016,11,7,17,2
2016,11,7,18,2
2016,11,7,19,2
2016,11,7,20,2
2016,11,7,21,2
2016,11,7,22,2
2016,11,7,23,2
2016,11,8,0,2
2016,11,8,1,2
2016,11,8,2,2
2016,11,8,3,2
2016,11,8,4,2
2016,11,8,5,2
2016,11,8,6,2
2016,11,8,7,2
2016,11,8,8,2
2016,11,8,9,2
2016,11,8,10,2
2016,11,8,11,2
2016,11,8,12,2
2016,11,8,13,2
2016,11,8,14,2
2016,11,8,15,2
2016,11,8,16,2
2016,11,8,17,2
2016,11,8,18,2
2016,11,8,19,2
2016,11,8,20,2
2016,11,8,21,2
2016,11,8,22,2
2016,11,8,23,2
2016,11,9,0,2
2016,11,9,1,2
2016,11,9,2,2
2016,11,9,3,2
2016,11,9,4,2
2016,11,9,5,2
2016,11,9,6,2
2016,11,9,7,2
2016,11,9,8,2
2016,11,9,9,2
2016,11,9,10,2
2016,11,9,11,2
2016,11,9,12,2
2016,11,9,13,2
2016,11,9,14,2
2016,11,9,15,2
2016,11,9,16,2
2016,11,9,17,2
2016,11,9,18,2
2016,11,9,19,2
2016,11,9,20,2
2016,11,9,21,2
2016,11,9,22,2
2016,11,9,23,2
2016,11,10,0,2
2016,11,10,1,2
2016,11,10,2,2
2016,11,10,3,2
2016,11,10,4,2
2016,11,10,5,2
2016,11,10,6,2
2016,11,10,7,2
2016,11,10,8,2
2016,11,10,9,2
2016,11,10,10,2
2016,11,10,11,2
2016,11,10,12,2
2016,11,10,13,2
2016,11,10,14,2
2016,11,10,15,2
2016,11,10,16,2
2016,11,10,17,2
2016,11,10,18,2
2016,11,10,19,2
2016,11,10,20,2
2016,11,10,21,2
2016,11,10,22,2
2016,11,10,23,2
2016,11,11,0,2
2016,11,11,1,2
2016,11,11,2,2
2016,11,11,3,2
2016,11,11,4,2
2016,11,11,5,2
2016,11,11,6,2
2016,11,11,7,2
2016,11,11,8,2
2016,11,11,9,2
2016,11,11,10,2
2016,11,11,11,2
2016,11,11,12,2
2016,11,11,13,2
2016,11,11,14,2
2016,11,11,15,2
2016,11,11,16,2
2016,11,11,17,2
2016,11,11,18,2
2016,11,11,19,2
2016,11,11,20,2
2016,11,11,21,2
2016,11,11,22,2
2016,11,11,23,2
2016,11,12,0,2
2016,11,12,1,2
2016,11,12,2,2
2016,11,12,3,2
2016,11,12,4,2
2016,11,12,5,2
2016,11,12,6,2
2016,11,12,7,2
2016,11,12,8,2
2016,11,12,9,2
2016,11,12,10,2
2016,11,12,11,2
2016,11,12,12,2
2016,11,12,13,2
2016,11,12,14,2
2016,11,12,15,2
2016,11,12,16,2
2016,11,12,17,2
2016,11,12,18,2
2016,11,12,19,2
2016,11,12,20,2
2016,11,12,21,2
2016,11,12,22,2
2016,11,12,23,2
2016,11,13,0,2
2016,11,13,1,2
2016,11,13,2,2
2016,11,13,3,2
2016,11,13,4,2
2016,11,13,5,2
2016,11,13,6,2
2016,11,13,7,2
2016,11,13,8,2
2016,11,13,9,2
2016,11,13,10,2
2016,11,13,11,2
2016,11,13,12,2
2016,11,13,13,2
2016,11,13,14,2
2016,11,13,15,2
2016,11,13,16,2
2016,11,13,17,2
2016,11,13,18,2
2016,11,13,19,2
2016,11,13,20,2
2016,11,13,21,2
2016,11,13,22,2
2016,11,13,23,2
2016,11,14,0,2
2016,11,14,1,2
2016,11,14,2,2
2016,11,14,3,2
2016,11,14,4,2
2016,11,14,5,2
2016,11,14,6,2
2016,11,14,7,2
2016,11,14,8,2
2016,11,14,9,2
2016,11,14,10,2
2016,11,14,11,2
2016,11,14,12,2
2016,11,14,13,2
2016,11,14,14,2
2016,11,14,15,2
2016,11,14,16,2
2016,11,14,17,2
2016,11,14,18,2
2016,11,14,19,2
2016,11,14,20,2
2016,11,14,21,2
2016,11,14,22,2
2016,11,14,23,2
2016,11,15,0,2
2016,11,15,1,2
2016,11,15,2,2
2016,11,15,3,2
2016,11,15,4,2
2016,11,15,5,2
2016,11,15,6,2
2016,11,15,7,2
2016,11,15,8,2
2016,11,15,9,2
2016,11,15,10,2
2016,11,15,11,2
2016,11,15,12,2
2016,11,15,13,2
2016,11,15,14,2
2016,11,15,15,2
2016,11,15,16,2
2016,11,15,17,2
2016,11,15,18,2
2016,11,15,19,2
2016,11,15,20,2
2016,11,15,21,2
2016,11,15,22,2
2016,11,15,23,2
2016,11,16,0,2
2016,11,16,1,2
2016,11,16,2,2
2016,11,16,3,2
2016,11,16,4,2
2016,11,16,5,2
2016,11,16,6,2
2016,11,16,7,2
2016,11,16,8,2
2016,11,16,9,2
2016,11,16,10,2
2016,11,16,11,2
2016,11,16,12,2
2016,11,16,13,2
2016,11,16,14,2
2016,11,16,15,2
2016,11,16,16,2
2016,11,16,17,2
2016,11,16,18,2
2016,11,16,19,2
2016,11,16,20,2
2016,11,16,21,2
2016,11,16,22,2
2016,11,16,23,2
2016,11,17,0,2
2016,11,17,1,2
2016,11,17,2,2
2016,11,17,3,2
2016,11,17,4,2
2016,11,17,5,2
2016,11,17,6,2
2016,11,17,7,2
2016,11,17,8,2
2016,11,17,9,2
2016,11,17,10,2
2016,11,17,11,2
2016,11,17,12,2
2016,11,17,13,2
2016,11,17,14,2
2016,11,17,15,2
2016,11,17,16,2
2016,11,17,17,2
2016,11,17,18,2
2016,11,17,19,2
2016,11,17,20,2
2016,11,17,21,2
2016,11,17,22,2
2016,11,17,23,2
2016,11,18,0,2
2016,11,18,1,2
2016,11,18,2,2
2016,11,18,3,2
2016,11,18,4,2
2016,11,18,5,2
2016,11,18,6,2
2016,11,18,7,2
2016,11,18,8,2
2016,11,18,9,2
2016,11,18,10,2
2016,11,18,11,2
2016,11,18,12,2
2016,11,18,13,2
2016,11,18,14,2
2016,11,18,15,2
2016,11,18,16,2
2016,11,18,17,2
2016,11,18,18,2
2016,11,18,19,2
2016,11,18,20,2
2016,11,18,21,2
2016,11,18,22,2
2016,11,18,23,2
2016,11,19,0,2
2016,11,19,1,2
2016,11,19,2,2
2016,11,19,3,2
2016,11,19,4,2
2016,11,19,5,2
2016,11,19,6,2
2016,11,19,7,2
2016,11,19,8,2
2016,11,19,9,2
2016,11,19,10,2
2016,11,19,11,2
2016,11,19,12,2
2016,11,19,13,2
2016,11,19,14,2
2016,11,19,15,2
2016,11,19,16,2
2016,11,19,17,2
2016,11,19,18,2
2016,11,19,19,2
2016,11,19,20,2
2016,11,19,21,2
2016,11,19,22,2
2016,11,19,23,2
2016,11,20,0,2
2016,11,20,1,2
2016,11,20,2,2
2016,11,20,3,2
2016,11,20,4,2
2016,11,20,5,2
2016,11,20,6,2
2016,11,20,7,2
2016,11,20,8,2
2016,11,20,9,2
2016,11,20,10,2
2016,11,20,11,2
2016,11,20,12,2
2016,11,20,13,2
2016,11,20,14,2
2016,11,20,15,2
2016,11,20,16,2
2016,11,20,17,2
2016,11,20,18,2
2016,11,20,19,2
2016,11,20,20,2
2016,11,20,21,2
2016,11,20,22,2
2016,11,20,23,2
2016,11,21,0,2
2016,11,21,1,2
2016,11,21,2,2
2016,11,21,3,2
2016,11,21,4,2
2016,11,21,5,2
2016,11,21,6,2
2016,11,21,7,2
2016,11,21,8,2
2016,11,21,9,2
2016,11,21,10,2
2016,11,21,11,2
2016,11,21,12,2
2016,11,21,13,2
2016,11,21,14,2
2016,11,21,15,2
2016,11,21,16,2
2016,11,21,17,2
2016,11,21,18,2
2016,11,21,19,2
2016,11,21,20,2
2016,11,21,21,2
2016,11,21,22,2
2016,11,21,23,2
2016,11,22,0,2
2016,11,22,1,2
2016,11,22,2,2
2016,11,22,3,2
2016,11,22,4,2
2016,11,22,5,2
2016,11,22,6,2
2016,11,22,7,2
2016,11,22,8,2
2016,11,22,9,2
2016,11,22,10,2
2016,11,22,11,2
2016,11,22,12,2
2016,11,22,13,2
2016,11,22,14,2
2016,11,22,15,2
2016,11,22,16,2
2016,11,22,17,2
2016,11,22,18,2
2016,11,22,19,2
2016,11,22,20,2
2016,11,22,21,2
2016,11,22,22,2
2016,11,22,23,2
2016,11,23,0,2
2016,11,23,1,2
2016,11,23,2,2
2016,11,23,3,2
2016,11,23,4,2
2016,11,23,5,2
2016,11,23,6,2
2016,11,23,7,2
2016,11,23,8,2
2016,11,23,9,2
2016,11,23,10,2
2016,11,23,11,2
2016,11,23,12,2
2016,11,23,13,2
2016,11,23,14,2
2016,11,23,15,2
2016,11,23,16,2
2016,11,23,17,2
2016,11,23,18,2
2016,11,23,19,2
2016,11,23,20,2
2016,11,23,21,2
2016,11,23,22,2
2016,11,23,23,2
2016,11,24,0,2
2016,11,24,1,2
2016,11,24,2,2
2016,11,24,3,2
2016,11,24,4,2
2016,11,24,5,2
2016,11,24,6,2
2016,11,24,7,2
2016,11,24,8,2
2016,11,24,9,2
2016,11,24,10,2
2016,11,24,11,2
2016,11,24,12,2
2016,11,24,13,2
2016,11,24,14,2
2016,11,24,15,2
2016,11,24,16,2
2016,11,24,17,2
2016,11,24,18,2
2016,11,24,19,2
2016,11,24,20,2
2016,11,24,21,2
2016,11,24,22,2
2016,11,24,23,2
2016,11,25,0,2
2016,11,25,1,2
2016,11,25,2,2
2016,11,25,3,2
2016,11,25,4,2
2016,11,25,5,2
2016,11,25,6,2
2016,11,25,7,2
2016,11,25,8,2
2016,11,25,9,2
2016,11,25,10,2
2016,11,25,11,2
2016,11,25,12,2
2016,11,25,13,2
2016,11,25,14,2
2016,11,25,15,2
2016,11,25,16,2
2016,11,25,17,2
2016,11,25,18,2
2016,11,25,19,2
2016,11,25,20,2
2016,11,25,21,2
2016,11,25,22,2
2016,11,25,23,2
2016,11,26,0,2
2016,11,26,1,2
2016,11,26,2,2
2016,11,26,3,2
2016,11,26,4,2
2016,11,26,5,2
2016,11,26,6,2
2016,11,26,7,2
2016,11,26,8,2
2016,11,26,9,2
2016,11,26,10,2
2016,11,26,11,2
2016,11,26,12,2
2016,11,26,13,2
2016,11,26,14,2
2016,11,26,15,2
2016,11,26,16,2
2016,11,26,17,2
2016,11,26,18,2
2016,11,26,19,2
2016,11,26,20,2
2016,11,26,21,2
2016,11,26,22,2
2016,11,26,23,2
2016,11,27,0,2
2016,11,27,1,2
2016,11,27,2,2
2016,11,27,3,2
2016,11,27,4,2
2016,11,27,5,2
2016,11,27,6,2
2016,11,27,7,2
2016,11,27,8,2
2016,11,27,9,2
2016,11,27,10,2
2016,11,27,11,2
2016,11,27,12,2
2016,11,27,13,2
2016,11,27,14,2
2016,11,27,15,2
2016,11,27,16,2
2016,11,27,17,2
2016,11,27,18,2
2016,11,27,19,2
2016,11,27,20,2
2016,11,27,21,2
2016,11,27,22,2
2016,11,27,23,2
